height,width,dtype,block_size,warps_per_block,round_id,order,position,sample_index,latency_ms,launches_per_sample
640,640,fp32,128,4,1,128>256>512>1024,1,0,0.00549888005,100
640,640,fp32,128,4,1,128>256>512>1024,1,1,0.00547839981,100
640,640,fp32,128,4,1,128>256>512>1024,1,2,0.00545792002,100
640,640,fp32,128,4,1,128>256>512>1024,1,3,0.00546815991,100
640,640,fp32,128,4,1,128>256>512>1024,1,4,0.00547839981,100
640,640,fp32,128,4,1,128>256>512>1024,1,5,0.00547839981,100
640,640,fp32,128,4,1,128>256>512>1024,1,6,0.00548864016,100
640,640,fp32,128,4,1,128>256>512>1024,1,7,0.00547839981,100
640,640,fp32,128,4,1,128>256>512>1024,1,8,0.00546815991,100
640,640,fp32,128,4,1,128>256>512>1024,1,9,0.00547839981,100
640,640,fp32,128,4,1,128>256>512>1024,1,10,0.00546815991,100
640,640,fp32,128,4,1,128>256>512>1024,1,11,0.00548864016,100
640,640,fp32,128,4,1,128>256>512>1024,1,12,0.00545792002,100
640,640,fp32,128,4,1,128>256>512>1024,1,13,0.00547839981,100
640,640,fp32,128,4,1,128>256>512>1024,1,14,0.00546815991,100
640,640,fp32,128,4,1,128>256>512>1024,1,15,0.00546815991,100
640,640,fp32,128,4,1,128>256>512>1024,1,16,0.00546815991,100
640,640,fp32,128,4,1,128>256>512>1024,1,17,0.00547839981,100
640,640,fp32,128,4,1,128>256>512>1024,1,18,0.00546815991,100
640,640,fp32,128,4,1,128>256>512>1024,1,19,0.00547839981,100
640,640,fp32,128,4,1,128>256>512>1024,1,20,0.00546815991,100
640,640,fp32,128,4,1,128>256>512>1024,1,21,0.00547936,100
640,640,fp32,128,4,1,128>256>512>1024,1,22,0.00547839981,100
640,640,fp32,128,4,1,128>256>512>1024,1,23,0.00548096001,100
640,640,fp32,128,4,1,128>256>512>1024,1,24,0.00546944002,100
640,640,fp32,128,4,1,128>256>512>1024,1,25,0.00548864016,100
640,640,fp32,128,4,1,128>256>512>1024,1,26,0.00546815991,100
640,640,fp32,128,4,1,128>256>512>1024,1,27,0.00547839981,100
640,640,fp32,128,4,1,128>256>512>1024,1,28,0.00546815991,100
640,640,fp32,128,4,1,128>256>512>1024,1,29,0.00547839981,100
640,640,fp32,128,4,1,128>256>512>1024,1,30,0.00547839981,100
640,640,fp32,128,4,1,128>256>512>1024,1,31,0.00547839981,100
640,640,fp32,128,4,1,128>256>512>1024,1,32,0.00547839981,100
640,640,fp32,128,4,1,128>256>512>1024,1,33,0.00547839981,100
640,640,fp32,128,4,1,128>256>512>1024,1,34,0.00546815991,100
640,640,fp32,128,4,1,128>256>512>1024,1,35,0.00546815991,100
640,640,fp32,128,4,1,128>256>512>1024,1,36,0.00547839981,100
640,640,fp32,128,4,1,128>256>512>1024,1,37,0.00547839981,100
640,640,fp32,128,4,1,128>256>512>1024,1,38,0.00547839981,100
640,640,fp32,128,4,1,128>256>512>1024,1,39,0.00546815991,100
640,640,fp32,128,4,1,128>256>512>1024,1,40,0.00547839981,100
640,640,fp32,128,4,1,128>256>512>1024,1,41,0.00548864016,100
640,640,fp32,128,4,1,128>256>512>1024,1,42,0.00546815991,100
640,640,fp32,128,4,1,128>256>512>1024,1,43,0.00547839981,100
640,640,fp32,128,4,1,128>256>512>1024,1,44,0.00547839981,100
640,640,fp32,128,4,1,128>256>512>1024,1,45,0.00547839981,100
640,640,fp32,128,4,1,128>256>512>1024,1,46,0.00547839981,100
640,640,fp32,128,4,1,128>256>512>1024,1,47,0.0054806401,100
640,640,fp32,128,4,1,128>256>512>1024,1,48,0.00547839981,100
640,640,fp32,128,4,1,128>256>512>1024,1,49,0.00546944002,100
640,640,fp32,128,4,1,128>256>512>1024,1,50,0.00547839981,100
640,640,fp32,128,4,1,128>256>512>1024,1,51,0.00547839981,100
640,640,fp32,128,4,1,128>256>512>1024,1,52,0.00545792002,100
640,640,fp32,128,4,1,128>256>512>1024,1,53,0.00547839981,100
640,640,fp32,128,4,1,128>256>512>1024,1,54,0.00548864016,100
640,640,fp32,128,4,1,128>256>512>1024,1,55,0.00546815991,100
640,640,fp32,128,4,1,128>256>512>1024,1,56,0.00547839981,100
640,640,fp32,128,4,1,128>256>512>1024,1,57,0.00548864016,100
640,640,fp32,128,4,1,128>256>512>1024,1,58,0.00546944002,100
640,640,fp32,128,4,1,128>256>512>1024,1,59,0.00547839981,100
640,640,fp32,128,4,1,128>256>512>1024,1,60,0.00546815991,100
640,640,fp32,128,4,1,128>256>512>1024,1,61,0.00547839981,100
640,640,fp32,128,4,1,128>256>512>1024,1,62,0.00547839981,100
640,640,fp32,128,4,1,128>256>512>1024,1,63,0.00547839981,100
640,640,fp32,128,4,1,128>256>512>1024,1,64,0.00546815991,100
640,640,fp32,128,4,1,128>256>512>1024,1,65,0.00553984009,100
640,640,fp32,128,4,1,128>256>512>1024,1,66,0.00562175969,100
640,640,fp32,128,4,1,128>256>512>1024,1,67,0.0056012799,100
640,640,fp32,128,4,1,128>256>512>1024,1,68,0.00560287992,100
640,640,fp32,128,4,1,128>256>512>1024,1,69,0.00561247999,100
640,640,fp32,128,4,1,128>256>512>1024,1,70,0.00561151979,100
640,640,fp32,128,4,1,128>256>512>1024,1,71,0.00561151979,100
640,640,fp32,128,4,1,128>256>512>1024,1,72,0.00561151979,100
640,640,fp32,128,4,1,128>256>512>1024,1,73,0.0056012799,100
640,640,fp32,128,4,1,128>256>512>1024,1,74,0.00559104048,100
640,640,fp32,128,4,1,128>256>512>1024,1,75,0.00562175969,100
640,640,fp32,128,4,1,128>256>512>1024,1,76,0.00563200004,100
640,640,fp32,128,4,1,128>256>512>1024,1,77,0.00561151979,100
640,640,fp32,128,4,1,128>256>512>1024,1,78,0.0056012799,100
640,640,fp32,128,4,1,128>256>512>1024,1,79,0.00562175969,100
640,640,fp32,128,4,1,128>256>512>1024,1,80,0.00562175969,100
640,640,fp32,128,4,1,128>256>512>1024,1,81,0.00561344018,100
640,640,fp32,128,4,1,128>256>512>1024,1,82,0.00559104048,100
640,640,fp32,128,4,1,128>256>512>1024,1,83,0.00561151979,100
640,640,fp32,128,4,1,128>256>512>1024,1,84,0.0056012799,100
640,640,fp32,128,4,1,128>256>512>1024,1,85,0.0056012799,100
640,640,fp32,128,4,1,128>256>512>1024,1,86,0.00561151979,100
640,640,fp32,128,4,1,128>256>512>1024,1,87,0.00559104048,100
640,640,fp32,128,4,1,128>256>512>1024,1,88,0.00562175969,100
640,640,fp32,128,4,1,128>256>512>1024,1,89,0.0056012799,100
640,640,fp32,128,4,1,128>256>512>1024,1,90,0.00562175969,100
640,640,fp32,128,4,1,128>256>512>1024,1,91,0.00561151979,100
640,640,fp32,128,4,1,128>256>512>1024,1,92,0.00561151979,100
640,640,fp32,128,4,1,128>256>512>1024,1,93,0.00563200004,100
640,640,fp32,128,4,1,128>256>512>1024,1,94,0.00561151979,100
640,640,fp32,128,4,1,128>256>512>1024,1,95,0.00561151979,100
640,640,fp32,128,4,1,128>256>512>1024,1,96,0.0056012799,100
640,640,fp32,128,4,1,128>256>512>1024,1,97,0.0056012799,100
640,640,fp32,128,4,1,128>256>512>1024,1,98,0.0056012799,100
640,640,fp32,128,4,1,128>256>512>1024,1,99,0.00561151979,100
640,640,fp32,128,4,1,128>256>512>1024,1,100,0.00559104048,100
640,640,fp32,128,4,1,128>256>512>1024,1,101,0.00571392011,100
640,640,fp32,128,4,1,128>256>512>1024,1,102,0.00576511957,100
640,640,fp32,128,4,1,128>256>512>1024,1,103,0.00574464025,100
640,640,fp32,128,4,1,128>256>512>1024,1,104,0.00574464025,100
640,640,fp32,128,4,1,128>256>512>1024,1,105,0.00574464025,100
640,640,fp32,128,4,1,128>256>512>1024,1,106,0.00574464025,100
640,640,fp32,128,4,1,128>256>512>1024,1,107,0.00574464025,100
640,640,fp32,128,4,1,128>256>512>1024,1,108,0.00575487968,100
640,640,fp32,128,4,1,128>256>512>1024,1,109,0.00575487968,100
640,640,fp32,128,4,1,128>256>512>1024,1,110,0.00575487968,100
640,640,fp32,128,4,1,128>256>512>1024,1,111,0.00573440036,100
640,640,fp32,128,4,1,128>256>512>1024,1,112,0.00576511957,100
640,640,fp32,128,4,1,128>256>512>1024,1,113,0.00575487968,100
640,640,fp32,128,4,1,128>256>512>1024,1,114,0.00574464025,100
640,640,fp32,128,4,1,128>256>512>1024,1,115,0.00576511957,100
640,640,fp32,128,4,1,128>256>512>1024,1,116,0.00576511957,100
640,640,fp32,128,4,1,128>256>512>1024,1,117,0.00575487968,100
640,640,fp32,128,4,1,128>256>512>1024,1,118,0.00575487968,100
640,640,fp32,128,4,1,128>256>512>1024,1,119,0.00575487968,100
640,640,fp32,128,4,1,128>256>512>1024,1,120,0.00576511957,100
640,640,fp32,128,4,1,128>256>512>1024,1,121,0.00576511957,100
640,640,fp32,128,4,1,128>256>512>1024,1,122,0.00576511957,100
640,640,fp32,128,4,1,128>256>512>1024,1,123,0.00575519959,100
640,640,fp32,128,4,1,128>256>512>1024,1,124,0.00575487968,100
640,640,fp32,128,4,1,128>256>512>1024,1,125,0.00574464025,100
640,640,fp32,128,4,1,128>256>512>1024,1,126,0.00575551996,100
640,640,fp32,128,4,1,128>256>512>1024,1,127,0.00575487968,100
640,640,fp32,128,4,1,128>256>512>1024,1,128,0.00576511957,100
640,640,fp32,128,4,1,128>256>512>1024,1,129,0.00574464025,100
640,640,fp32,128,4,1,128>256>512>1024,1,130,0.00574464025,100
640,640,fp32,128,4,1,128>256>512>1024,1,131,0.00576511957,100
640,640,fp32,128,4,1,128>256>512>1024,1,132,0.00576511957,100
640,640,fp32,128,4,1,128>256>512>1024,1,133,0.00575487968,100
640,640,fp32,128,4,1,128>256>512>1024,1,134,0.00575487968,100
640,640,fp32,128,4,1,128>256>512>1024,1,135,0.00578559982,100
640,640,fp32,128,4,1,128>256>512>1024,1,136,0.00581631996,100
640,640,fp32,128,4,1,128>256>512>1024,1,137,0.00579584017,100
640,640,fp32,128,4,1,128>256>512>1024,1,138,0.00581631996,100
640,640,fp32,128,4,1,128>256>512>1024,1,139,0.00581631996,100
640,640,fp32,128,4,1,128>256>512>1024,1,140,0.00580608007,100
640,640,fp32,128,4,1,128>256>512>1024,1,141,0.00580608007,100
640,640,fp32,128,4,1,128>256>512>1024,1,142,0.00579584017,100
640,640,fp32,128,4,1,128>256>512>1024,1,143,0.00579584017,100
640,640,fp32,128,4,1,128>256>512>1024,1,144,0.00580608007,100
640,640,fp32,128,4,1,128>256>512>1024,1,145,0.00579584017,100
640,640,fp32,128,4,1,128>256>512>1024,1,146,0.00581631996,100
640,640,fp32,128,4,1,128>256>512>1024,1,147,0.00580608007,100
640,640,fp32,128,4,1,128>256>512>1024,1,148,0.00578559982,100
640,640,fp32,128,4,1,128>256>512>1024,1,149,0.00580608007,100
640,640,fp32,128,4,1,128>256>512>1024,1,150,0.0057977601,100
640,640,fp32,128,4,1,128>256>512>1024,1,151,0.00581631996,100
640,640,fp32,128,4,1,128>256>512>1024,1,152,0.00580608007,100
640,640,fp32,128,4,1,128>256>512>1024,1,153,0.00581631996,100
640,640,fp32,128,4,1,128>256>512>1024,1,154,0.00579584017,100
640,640,fp32,128,4,1,128>256>512>1024,1,155,0.00577535992,100
640,640,fp32,128,4,1,128>256>512>1024,1,156,0.00580608007,100
640,640,fp32,128,4,1,128>256>512>1024,1,157,0.00582656031,100
640,640,fp32,128,4,1,128>256>512>1024,1,158,0.00581631996,100
640,640,fp32,128,4,1,128>256>512>1024,1,159,0.00581631996,100
640,640,fp32,128,4,1,128>256>512>1024,1,160,0.00579584017,100
640,640,fp32,128,4,1,128>256>512>1024,1,161,0.00579584017,100
640,640,fp32,128,4,1,128>256>512>1024,1,162,0.00580608007,100
640,640,fp32,128,4,1,128>256>512>1024,1,163,0.00580608007,100
640,640,fp32,128,4,1,128>256>512>1024,1,164,0.00583679974,100
640,640,fp32,128,4,1,128>256>512>1024,1,165,0.00579584017,100
640,640,fp32,128,4,1,128>256>512>1024,1,166,0.00580608007,100
640,640,fp32,128,4,1,128>256>512>1024,1,167,0.00578559982,100
640,640,fp32,128,4,1,128>256>512>1024,1,168,0.00579584017,100
640,640,fp32,128,4,1,128>256>512>1024,1,169,0.00580608007,100
640,640,fp32,128,4,1,128>256>512>1024,1,170,0.00578559982,100
640,640,fp32,128,4,1,128>256>512>1024,1,171,0.00579584017,100
640,640,fp32,128,4,1,128>256>512>1024,1,172,0.00581631996,100
640,640,fp32,128,4,1,128>256>512>1024,1,173,0.00580608007,100
640,640,fp32,128,4,1,128>256>512>1024,1,174,0.00578784011,100
640,640,fp32,128,4,1,128>256>512>1024,1,175,0.00579584017,100
640,640,fp32,128,4,1,128>256>512>1024,1,176,0.00580799999,100
640,640,fp32,128,4,1,128>256>512>1024,1,177,0.0058073597,100
640,640,fp32,128,4,1,128>256>512>1024,1,178,0.00581631996,100
640,640,fp32,128,4,1,128>256>512>1024,1,179,0.00580608007,100
640,640,fp32,128,4,1,128>256>512>1024,1,180,0.00580639997,100
640,640,fp32,128,4,1,128>256>512>1024,1,181,0.00580608007,100
640,640,fp32,128,4,1,128>256>512>1024,1,182,0.00579584017,100
640,640,fp32,128,4,1,128>256>512>1024,1,183,0.00580608007,100
640,640,fp32,128,4,1,128>256>512>1024,1,184,0.00579584017,100
640,640,fp32,128,4,1,128>256>512>1024,1,185,0.00580608007,100
640,640,fp32,128,4,1,128>256>512>1024,1,186,0.00580608007,100
640,640,fp32,128,4,1,128>256>512>1024,1,187,0.00581631996,100
640,640,fp32,128,4,1,128>256>512>1024,1,188,0.00580608007,100
640,640,fp32,128,4,1,128>256>512>1024,1,189,0.00580608007,100
640,640,fp32,128,4,1,128>256>512>1024,1,190,0.00581631996,100
640,640,fp32,128,4,1,128>256>512>1024,1,191,0.00580608007,100
640,640,fp32,128,4,1,128>256>512>1024,1,192,0.00579584017,100
640,640,fp32,128,4,1,128>256>512>1024,1,193,0.00581631996,100
640,640,fp32,128,4,1,128>256>512>1024,1,194,0.00580608007,100
640,640,fp32,128,4,1,128>256>512>1024,1,195,0.00581631996,100
640,640,fp32,128,4,1,128>256>512>1024,1,196,0.00581631996,100
640,640,fp32,128,4,1,128>256>512>1024,1,197,0.00580608007,100
640,640,fp32,128,4,1,128>256>512>1024,1,198,0.00580608007,100
640,640,fp32,128,4,1,128>256>512>1024,1,199,0.00580608007,100
640,640,fp32,128,4,2,256>512>1024>128,4,0,0.00553984009,100
640,640,fp32,128,4,2,256>512>1024>128,4,1,0.00547872018,100
640,640,fp32,128,4,2,256>512>1024>128,4,2,0.00547839981,100
640,640,fp32,128,4,2,256>512>1024>128,4,3,0.00547839981,100
640,640,fp32,128,4,2,256>512>1024>128,4,4,0.00548864016,100
640,640,fp32,128,4,2,256>512>1024>128,4,5,0.00548864016,100
640,640,fp32,128,4,2,256>512>1024>128,4,6,0.00549888005,100
640,640,fp32,128,4,2,256>512>1024>128,4,7,0.00549888005,100
640,640,fp32,128,4,2,256>512>1024>128,4,8,0.00547839981,100
640,640,fp32,128,4,2,256>512>1024>128,4,9,0.00547839981,100
640,640,fp32,128,4,2,256>512>1024>128,4,10,0.00547839981,100
640,640,fp32,128,4,2,256>512>1024>128,4,11,0.00548864016,100
640,640,fp32,128,4,2,256>512>1024>128,4,12,0.00548864016,100
640,640,fp32,128,4,2,256>512>1024>128,4,13,0.00548864016,100
640,640,fp32,128,4,2,256>512>1024>128,4,14,0.00548864016,100
640,640,fp32,128,4,2,256>512>1024>128,4,15,0.00549888005,100
640,640,fp32,128,4,2,256>512>1024>128,4,16,0.00548864016,100
640,640,fp32,128,4,2,256>512>1024>128,4,17,0.00548864016,100
640,640,fp32,128,4,2,256>512>1024>128,4,18,0.00550912041,100
640,640,fp32,128,4,2,256>512>1024>128,4,19,0.00547839981,100
640,640,fp32,128,4,2,256>512>1024>128,4,20,0.00547839981,100
640,640,fp32,128,4,2,256>512>1024>128,4,21,0.00550912041,100
640,640,fp32,128,4,2,256>512>1024>128,4,22,0.00548864016,100
640,640,fp32,128,4,2,256>512>1024>128,4,23,0.00547839981,100
640,640,fp32,128,4,2,256>512>1024>128,4,24,0.00549888005,100
640,640,fp32,128,4,2,256>512>1024>128,4,25,0.00549888005,100
640,640,fp32,128,4,2,256>512>1024>128,4,26,0.00549888005,100
640,640,fp32,128,4,2,256>512>1024>128,4,27,0.00549888005,100
640,640,fp32,128,4,2,256>512>1024>128,4,28,0.00548864016,100
640,640,fp32,128,4,2,256>512>1024>128,4,29,0.00549888005,100
640,640,fp32,128,4,2,256>512>1024>128,4,30,0.00549023971,100
640,640,fp32,128,4,2,256>512>1024>128,4,31,0.00548864016,100
640,640,fp32,128,4,2,256>512>1024>128,4,32,0.00548864016,100
640,640,fp32,128,4,2,256>512>1024>128,4,33,0.00548864016,100
640,640,fp32,128,4,2,256>512>1024>128,4,34,0.00548864016,100
640,640,fp32,128,4,2,256>512>1024>128,4,35,0.00551935984,100
640,640,fp32,128,4,2,256>512>1024>128,4,36,0.00548864016,100
640,640,fp32,128,4,2,256>512>1024>128,4,37,0.00547839981,100
640,640,fp32,128,4,2,256>512>1024>128,4,38,0.00550111989,100
640,640,fp32,128,4,2,256>512>1024>128,4,39,0.00548864016,100
640,640,fp32,128,4,2,256>512>1024>128,4,40,0.00549888005,100
640,640,fp32,128,4,2,256>512>1024>128,4,41,0.00548864016,100
640,640,fp32,128,4,2,256>512>1024>128,4,42,0.00549888005,100
640,640,fp32,128,4,2,256>512>1024>128,4,43,0.00548864016,100
640,640,fp32,128,4,2,256>512>1024>128,4,44,0.00550912041,100
640,640,fp32,128,4,2,256>512>1024>128,4,45,0.00549888005,100
640,640,fp32,128,4,2,256>512>1024>128,4,46,0.00549888005,100
640,640,fp32,128,4,2,256>512>1024>128,4,47,0.00548864016,100
640,640,fp32,128,4,2,256>512>1024>128,4,48,0.00550912041,100
640,640,fp32,128,4,2,256>512>1024>128,4,49,0.00551935984,100
640,640,fp32,128,4,2,256>512>1024>128,4,50,0.00547967991,100
640,640,fp32,128,4,2,256>512>1024>128,4,51,0.00547839981,100
640,640,fp32,128,4,2,256>512>1024>128,4,52,0.00549888005,100
640,640,fp32,128,4,2,256>512>1024>128,4,53,0.00548864016,100
640,640,fp32,128,4,2,256>512>1024>128,4,54,0.00548864016,100
640,640,fp32,128,4,2,256>512>1024>128,4,55,0.00549920043,100
640,640,fp32,128,4,2,256>512>1024>128,4,56,0.00548864016,100
640,640,fp32,128,4,2,256>512>1024>128,4,57,0.00549888005,100
640,640,fp32,128,4,2,256>512>1024>128,4,58,0.00548864016,100
640,640,fp32,128,4,2,256>512>1024>128,4,59,0.00548864016,100
640,640,fp32,128,4,2,256>512>1024>128,4,60,0.00549888005,100
640,640,fp32,128,4,2,256>512>1024>128,4,61,0.00549888005,100
640,640,fp32,128,4,2,256>512>1024>128,4,62,0.00548864016,100
640,640,fp32,128,4,2,256>512>1024>128,4,63,0.00549023971,100
640,640,fp32,128,4,2,256>512>1024>128,4,64,0.00548864016,100
640,640,fp32,128,4,2,256>512>1024>128,4,65,0.00547839981,100
640,640,fp32,128,4,2,256>512>1024>128,4,66,0.0054911999,100
640,640,fp32,128,4,2,256>512>1024>128,4,67,0.00548864016,100
640,640,fp32,128,4,2,256>512>1024>128,4,68,0.00548896007,100
640,640,fp32,128,4,2,256>512>1024>128,4,69,0.00549888005,100
640,640,fp32,128,4,2,256>512>1024>128,4,70,0.0054806401,100
640,640,fp32,128,4,2,256>512>1024>128,4,71,0.00548864016,100
640,640,fp32,128,4,2,256>512>1024>128,4,72,0.00548864016,100
640,640,fp32,128,4,2,256>512>1024>128,4,73,0.00547839981,100
640,640,fp32,128,4,2,256>512>1024>128,4,74,0.00546815991,100
640,640,fp32,128,4,2,256>512>1024>128,4,75,0.00548864016,100
640,640,fp32,128,4,2,256>512>1024>128,4,76,0.00547839981,100
640,640,fp32,128,4,2,256>512>1024>128,4,77,0.00551935984,100
640,640,fp32,128,4,2,256>512>1024>128,4,78,0.00561151979,100
640,640,fp32,128,4,2,256>512>1024>128,4,79,0.00570527976,100
640,640,fp32,128,4,2,256>512>1024>128,4,80,0.00571584003,100
640,640,fp32,128,4,2,256>512>1024>128,4,81,0.00571647985,100
640,640,fp32,128,4,2,256>512>1024>128,4,82,0.00572416,100
640,640,fp32,128,4,2,256>512>1024>128,4,83,0.00571647985,100
640,640,fp32,128,4,2,256>512>1024>128,4,84,0.00571392011,100
640,640,fp32,128,4,2,256>512>1024>128,4,85,0.00570367975,100
640,640,fp32,128,4,2,256>512>1024>128,4,86,0.00571392011,100
640,640,fp32,128,4,2,256>512>1024>128,4,87,0.00570367975,100
640,640,fp32,128,4,2,256>512>1024>128,4,88,0.00570367975,100
640,640,fp32,128,4,2,256>512>1024>128,4,89,0.00570367975,100
640,640,fp32,128,4,2,256>512>1024>128,4,90,0.00570367975,100
640,640,fp32,128,4,2,256>512>1024>128,4,91,0.00571392011,100
640,640,fp32,128,4,2,256>512>1024>128,4,92,0.00570367975,100
640,640,fp32,128,4,2,256>512>1024>128,4,93,0.00570367975,100
640,640,fp32,128,4,2,256>512>1024>128,4,94,0.00569343986,100
640,640,fp32,128,4,2,256>512>1024>128,4,95,0.00570496032,100
640,640,fp32,128,4,2,256>512>1024>128,4,96,0.00571519975,100
640,640,fp32,128,4,2,256>512>1024>128,4,97,0.00571392011,100
640,640,fp32,128,4,2,256>512>1024>128,4,98,0.00571392011,100
640,640,fp32,128,4,2,256>512>1024>128,4,99,0.00571392011,100
640,640,fp32,128,4,2,256>512>1024>128,4,100,0.00572416,100
640,640,fp32,128,4,2,256>512>1024>128,4,101,0.00570367975,100
640,640,fp32,128,4,2,256>512>1024>128,4,102,0.00569440005,100
640,640,fp32,128,4,2,256>512>1024>128,4,103,0.00571392011,100
640,640,fp32,128,4,2,256>512>1024>128,4,104,0.00569600007,100
640,640,fp32,128,4,2,256>512>1024>128,4,105,0.00571392011,100
640,640,fp32,128,4,2,256>512>1024>128,4,106,0.00570367975,100
640,640,fp32,128,4,2,256>512>1024>128,4,107,0.00571392011,100
640,640,fp32,128,4,2,256>512>1024>128,4,108,0.00572416,100
640,640,fp32,128,4,2,256>512>1024>128,4,109,0.00571392011,100
640,640,fp32,128,4,2,256>512>1024>128,4,110,0.00571392011,100
640,640,fp32,128,4,2,256>512>1024>128,4,111,0.00571392011,100
640,640,fp32,128,4,2,256>512>1024>128,4,112,0.00570367975,100
640,640,fp32,128,4,2,256>512>1024>128,4,113,0.00578559982,100
640,640,fp32,128,4,2,256>512>1024>128,4,114,0.00581631996,100
640,640,fp32,128,4,2,256>512>1024>128,4,115,0.00580608007,100
640,640,fp32,128,4,2,256>512>1024>128,4,116,0.00579680037,100
640,640,fp32,128,4,2,256>512>1024>128,4,117,0.00580608007,100
640,640,fp32,128,4,2,256>512>1024>128,4,118,0.00581631996,100
640,640,fp32,128,4,2,256>512>1024>128,4,119,0.00583679974,100
640,640,fp32,128,4,2,256>512>1024>128,4,120,0.00579584017,100
640,640,fp32,128,4,2,256>512>1024>128,4,121,0.00582656031,100
640,640,fp32,128,4,2,256>512>1024>128,4,122,0.00581631996,100
640,640,fp32,128,4,2,256>512>1024>128,4,123,0.00579584017,100
640,640,fp32,128,4,2,256>512>1024>128,4,124,0.00579584017,100
640,640,fp32,128,4,2,256>512>1024>128,4,125,0.00582656031,100
640,640,fp32,128,4,2,256>512>1024>128,4,126,0.00579584017,100
640,640,fp32,128,4,2,256>512>1024>128,4,127,0.00580608007,100
640,640,fp32,128,4,2,256>512>1024>128,4,128,0.00580608007,100
640,640,fp32,128,4,2,256>512>1024>128,4,129,0.00580608007,100
640,640,fp32,128,4,2,256>512>1024>128,4,130,0.00581631996,100
640,640,fp32,128,4,2,256>512>1024>128,4,131,0.00578559982,100
640,640,fp32,128,4,2,256>512>1024>128,4,132,0.0057977601,100
640,640,fp32,128,4,2,256>512>1024>128,4,133,0.0058083199,100
640,640,fp32,128,4,2,256>512>1024>128,4,134,0.00580639997,100
640,640,fp32,128,4,2,256>512>1024>128,4,135,0.00580608007,100
640,640,fp32,128,4,2,256>512>1024>128,4,136,0.00580608007,100
640,640,fp32,128,4,2,256>512>1024>128,4,137,0.00581727969,100
640,640,fp32,128,4,2,256>512>1024>128,4,138,0.00579584017,100
640,640,fp32,128,4,2,256>512>1024>128,4,139,0.00581631996,100
640,640,fp32,128,4,2,256>512>1024>128,4,140,0.00580608007,100
640,640,fp32,128,4,2,256>512>1024>128,4,141,0.00581631996,100
640,640,fp32,128,4,2,256>512>1024>128,4,142,0.00580703979,100
640,640,fp32,128,4,2,256>512>1024>128,4,143,0.00580608007,100
640,640,fp32,128,4,2,256>512>1024>128,4,144,0.00581631996,100
640,640,fp32,128,4,2,256>512>1024>128,4,145,0.00581631996,100
640,640,fp32,128,4,2,256>512>1024>128,4,146,0.00581631996,100
640,640,fp32,128,4,2,256>512>1024>128,4,147,0.00581631996,100
640,640,fp32,128,4,2,256>512>1024>128,4,148,0.00581631996,100
640,640,fp32,128,4,2,256>512>1024>128,4,149,0.00580608007,100
640,640,fp32,128,4,2,256>512>1024>128,4,150,0.00579584017,100
640,640,fp32,128,4,2,256>512>1024>128,4,151,0.00581631996,100
640,640,fp32,128,4,2,256>512>1024>128,4,152,0.00579584017,100
640,640,fp32,128,4,2,256>512>1024>128,4,153,0.00581631996,100
640,640,fp32,128,4,2,256>512>1024>128,4,154,0.00580608007,100
640,640,fp32,128,4,2,256>512>1024>128,4,155,0.00582656031,100
640,640,fp32,128,4,2,256>512>1024>128,4,156,0.00580608007,100
640,640,fp32,128,4,2,256>512>1024>128,4,157,0.00580608007,100
640,640,fp32,128,4,2,256>512>1024>128,4,158,0.00581631996,100
640,640,fp32,128,4,2,256>512>1024>128,4,159,0.00581631996,100
640,640,fp32,128,4,2,256>512>1024>128,4,160,0.00581631996,100
640,640,fp32,128,4,2,256>512>1024>128,4,161,0.00580608007,100
640,640,fp32,128,4,2,256>512>1024>128,4,162,0.00581631996,100
640,640,fp32,128,4,2,256>512>1024>128,4,163,0.00581631996,100
640,640,fp32,128,4,2,256>512>1024>128,4,164,0.00582656031,100
640,640,fp32,128,4,2,256>512>1024>128,4,165,0.00580608007,100
640,640,fp32,128,4,2,256>512>1024>128,4,166,0.00581760006,100
640,640,fp32,128,4,2,256>512>1024>128,4,167,0.00580608007,100
640,640,fp32,128,4,2,256>512>1024>128,4,168,0.00580608007,100
640,640,fp32,128,4,2,256>512>1024>128,4,169,0.00578559982,100
640,640,fp32,128,4,2,256>512>1024>128,4,170,0.00579584017,100
640,640,fp32,128,4,2,256>512>1024>128,4,171,0.00582656031,100
640,640,fp32,128,4,2,256>512>1024>128,4,172,0.00580608007,100
640,640,fp32,128,4,2,256>512>1024>128,4,173,0.00581631996,100
640,640,fp32,128,4,2,256>512>1024>128,4,174,0.00581631996,100
640,640,fp32,128,4,2,256>512>1024>128,4,175,0.00581631996,100
640,640,fp32,128,4,2,256>512>1024>128,4,176,0.0058083199,100
640,640,fp32,128,4,2,256>512>1024>128,4,177,0.00581760006,100
640,640,fp32,128,4,2,256>512>1024>128,4,178,0.00581631996,100
640,640,fp32,128,4,2,256>512>1024>128,4,179,0.00580608007,100
640,640,fp32,128,4,2,256>512>1024>128,4,180,0.0058073597,100
640,640,fp32,128,4,2,256>512>1024>128,4,181,0.00581631996,100
640,640,fp32,128,4,2,256>512>1024>128,4,182,0.00580608007,100
640,640,fp32,128,4,2,256>512>1024>128,4,183,0.00583679974,100
640,640,fp32,128,4,2,256>512>1024>128,4,184,0.0058083199,100
640,640,fp32,128,4,2,256>512>1024>128,4,185,0.00579584017,100
640,640,fp32,128,4,2,256>512>1024>128,4,186,0.00580608007,100
640,640,fp32,128,4,2,256>512>1024>128,4,187,0.00581631996,100
640,640,fp32,128,4,2,256>512>1024>128,4,188,0.00579584017,100
640,640,fp32,128,4,2,256>512>1024>128,4,189,0.00581631996,100
640,640,fp32,128,4,2,256>512>1024>128,4,190,0.00582656031,100
640,640,fp32,128,4,2,256>512>1024>128,4,191,0.00579584017,100
640,640,fp32,128,4,2,256>512>1024>128,4,192,0.00580768008,100
640,640,fp32,128,4,2,256>512>1024>128,4,193,0.00579584017,100
640,640,fp32,128,4,2,256>512>1024>128,4,194,0.00580608007,100
640,640,fp32,128,4,2,256>512>1024>128,4,195,0.00581631996,100
640,640,fp32,128,4,2,256>512>1024>128,4,196,0.00580608007,100
640,640,fp32,128,4,2,256>512>1024>128,4,197,0.00580608007,100
640,640,fp32,128,4,2,256>512>1024>128,4,198,0.00580799999,100
640,640,fp32,128,4,2,256>512>1024>128,4,199,0.00579616008,100
640,640,fp32,128,4,3,512>1024>128>256,3,0,0.0055180802,100
640,640,fp32,128,4,3,512>1024>128>256,3,1,0.00548864016,100
640,640,fp32,128,4,3,512>1024>128>256,3,2,0.00547839981,100
640,640,fp32,128,4,3,512>1024>128>256,3,3,0.00547839981,100
640,640,fp32,128,4,3,512>1024>128>256,3,4,0.00547839981,100
640,640,fp32,128,4,3,512>1024>128>256,3,5,0.00547839981,100
640,640,fp32,128,4,3,512>1024>128>256,3,6,0.00547839981,100
640,640,fp32,128,4,3,512>1024>128>256,3,7,0.00547839981,100
640,640,fp32,128,4,3,512>1024>128>256,3,8,0.00547839981,100
640,640,fp32,128,4,3,512>1024>128>256,3,9,0.00547839981,100
640,640,fp32,128,4,3,512>1024>128>256,3,10,0.00548864016,100
640,640,fp32,128,4,3,512>1024>128>256,3,11,0.00546815991,100
640,640,fp32,128,4,3,512>1024>128>256,3,12,0.00547839981,100
640,640,fp32,128,4,3,512>1024>128>256,3,13,0.00548864016,100
640,640,fp32,128,4,3,512>1024>128>256,3,14,0.00547839981,100
640,640,fp32,128,4,3,512>1024>128>256,3,15,0.00547839981,100
640,640,fp32,128,4,3,512>1024>128>256,3,16,0.00546815991,100
640,640,fp32,128,4,3,512>1024>128>256,3,17,0.00545792002,100
640,640,fp32,128,4,3,512>1024>128>256,3,18,0.00546815991,100
640,640,fp32,128,4,3,512>1024>128>256,3,19,0.00546815991,100
640,640,fp32,128,4,3,512>1024>128>256,3,20,0.00546815991,100
640,640,fp32,128,4,3,512>1024>128>256,3,21,0.00547839981,100
640,640,fp32,128,4,3,512>1024>128>256,3,22,0.00547839981,100
640,640,fp32,128,4,3,512>1024>128>256,3,23,0.00547872018,100
640,640,fp32,128,4,3,512>1024>128>256,3,24,0.00546815991,100
640,640,fp32,128,4,3,512>1024>128>256,3,25,0.00548864016,100
640,640,fp32,128,4,3,512>1024>128>256,3,26,0.00546815991,100
640,640,fp32,128,4,3,512>1024>128>256,3,27,0.00545792002,100
640,640,fp32,128,4,3,512>1024>128>256,3,28,0.00548864016,100
640,640,fp32,128,4,3,512>1024>128>256,3,29,0.00547839981,100
640,640,fp32,128,4,3,512>1024>128>256,3,30,0.00546815991,100
640,640,fp32,128,4,3,512>1024>128>256,3,31,0.00547839981,100
640,640,fp32,128,4,3,512>1024>128>256,3,32,0.00546815991,100
640,640,fp32,128,4,3,512>1024>128>256,3,33,0.00548864016,100
640,640,fp32,128,4,3,512>1024>128>256,3,34,0.00548864016,100
640,640,fp32,128,4,3,512>1024>128>256,3,35,0.00546815991,100
640,640,fp32,128,4,3,512>1024>128>256,3,36,0.00547839981,100
640,640,fp32,128,4,3,512>1024>128>256,3,37,0.00547839981,100
640,640,fp32,128,4,3,512>1024>128>256,3,38,0.00547839981,100
640,640,fp32,128,4,3,512>1024>128>256,3,39,0.00547007984,100
640,640,fp32,128,4,3,512>1024>128>256,3,40,0.00546815991,100
640,640,fp32,128,4,3,512>1024>128>256,3,41,0.00548864016,100
640,640,fp32,128,4,3,512>1024>128>256,3,42,0.00546815991,100
640,640,fp32,128,4,3,512>1024>128>256,3,43,0.00546815991,100
640,640,fp32,128,4,3,512>1024>128>256,3,44,0.00547839981,100
640,640,fp32,128,4,3,512>1024>128>256,3,45,0.00548864016,100
640,640,fp32,128,4,3,512>1024>128>256,3,46,0.00549888005,100
640,640,fp32,128,4,3,512>1024>128>256,3,47,0.00546815991,100
640,640,fp32,128,4,3,512>1024>128>256,3,48,0.00547839981,100
640,640,fp32,128,4,3,512>1024>128>256,3,49,0.00548864016,100
640,640,fp32,128,4,3,512>1024>128>256,3,50,0.00547839981,100
640,640,fp32,128,4,3,512>1024>128>256,3,51,0.00547839981,100
640,640,fp32,128,4,3,512>1024>128>256,3,52,0.00547839981,100
640,640,fp32,128,4,3,512>1024>128>256,3,53,0.00546815991,100
640,640,fp32,128,4,3,512>1024>128>256,3,54,0.00548864016,100
640,640,fp32,128,4,3,512>1024>128>256,3,55,0.00546815991,100
640,640,fp32,128,4,3,512>1024>128>256,3,56,0.00549888005,100
640,640,fp32,128,4,3,512>1024>128>256,3,57,0.00546912011,100
640,640,fp32,128,4,3,512>1024>128>256,3,58,0.00547839981,100
640,640,fp32,128,4,3,512>1024>128>256,3,59,0.00547967991,100
640,640,fp32,128,4,3,512>1024>128>256,3,60,0.00548864016,100
640,640,fp32,128,4,3,512>1024>128>256,3,61,0.00546815991,100
640,640,fp32,128,4,3,512>1024>128>256,3,62,0.00548864016,100
640,640,fp32,128,4,3,512>1024>128>256,3,63,0.00548959989,100
640,640,fp32,128,4,3,512>1024>128>256,3,64,0.00546815991,100
640,640,fp32,128,4,3,512>1024>128>256,3,65,0.00547839981,100
640,640,fp32,128,4,3,512>1024>128>256,3,66,0.00548864016,100
640,640,fp32,128,4,3,512>1024>128>256,3,67,0.00546847982,100
640,640,fp32,128,4,3,512>1024>128>256,3,68,0.00548864016,100
640,640,fp32,128,4,3,512>1024>128>256,3,69,0.00547839981,100
640,640,fp32,128,4,3,512>1024>128>256,3,70,0.00548864016,100
640,640,fp32,128,4,3,512>1024>128>256,3,71,0.00547839981,100
640,640,fp32,128,4,3,512>1024>128>256,3,72,0.00547839981,100
640,640,fp32,128,4,3,512>1024>128>256,3,73,0.00548864016,100
640,640,fp32,128,4,3,512>1024>128>256,3,74,0.00546815991,100
640,640,fp32,128,4,3,512>1024>128>256,3,75,0.00548864016,100
640,640,fp32,128,4,3,512>1024>128>256,3,76,0.00546815991,100
640,640,fp32,128,4,3,512>1024>128>256,3,77,0.00547839981,100
640,640,fp32,128,4,3,512>1024>128>256,3,78,0.00547839981,100
640,640,fp32,128,4,3,512>1024>128>256,3,79,0.00548864016,100
640,640,fp32,128,4,3,512>1024>128>256,3,80,0.00546815991,100
640,640,fp32,128,4,3,512>1024>128>256,3,81,0.00546815991,100
640,640,fp32,128,4,3,512>1024>128>256,3,82,0.00558080012,100
640,640,fp32,128,4,3,512>1024>128>256,3,83,0.00570367975,100
640,640,fp32,128,4,3,512>1024>128>256,3,84,0.00571392011,100
640,640,fp32,128,4,3,512>1024>128>256,3,85,0.00570367975,100
640,640,fp32,128,4,3,512>1024>128>256,3,86,0.00570367975,100
640,640,fp32,128,4,3,512>1024>128>256,3,87,0.00571392011,100
640,640,fp32,128,4,3,512>1024>128>256,3,88,0.00570367975,100
640,640,fp32,128,4,3,512>1024>128>256,3,89,0.00569343986,100
640,640,fp32,128,4,3,512>1024>128>256,3,90,0.00568319997,100
640,640,fp32,128,4,3,512>1024>128>256,3,91,0.00569343986,100
640,640,fp32,128,4,3,512>1024>128>256,3,92,0.00569343986,100
640,640,fp32,128,4,3,512>1024>128>256,3,93,0.00569343986,100
640,640,fp32,128,4,3,512>1024>128>256,3,94,0.00570367975,100
640,640,fp32,128,4,3,512>1024>128>256,3,95,0.00571392011,100
640,640,fp32,128,4,3,512>1024>128>256,3,96,0.00569343986,100
640,640,fp32,128,4,3,512>1024>128>256,3,97,0.00568319997,100
640,640,fp32,128,4,3,512>1024>128>256,3,98,0.00569343986,100
640,640,fp32,128,4,3,512>1024>128>256,3,99,0.00571392011,100
640,640,fp32,128,4,3,512>1024>128>256,3,100,0.00570367975,100
640,640,fp32,128,4,3,512>1024>128>256,3,101,0.00570367975,100
640,640,fp32,128,4,3,512>1024>128>256,3,102,0.00568319997,100
640,640,fp32,128,4,3,512>1024>128>256,3,103,0.00570367975,100
640,640,fp32,128,4,3,512>1024>128>256,3,104,0.00569343986,100
640,640,fp32,128,4,3,512>1024>128>256,3,105,0.00570367975,100
640,640,fp32,128,4,3,512>1024>128>256,3,106,0.00569343986,100
640,640,fp32,128,4,3,512>1024>128>256,3,107,0.00570367975,100
640,640,fp32,128,4,3,512>1024>128>256,3,108,0.00570367975,100
640,640,fp32,128,4,3,512>1024>128>256,3,109,0.00571392011,100
640,640,fp32,128,4,3,512>1024>128>256,3,110,0.00571392011,100
640,640,fp32,128,4,3,512>1024>128>256,3,111,0.00570367975,100
640,640,fp32,128,4,3,512>1024>128>256,3,112,0.00568319997,100
640,640,fp32,128,4,3,512>1024>128>256,3,113,0.00570367975,100
640,640,fp32,128,4,3,512>1024>128>256,3,114,0.00572416,100
640,640,fp32,128,4,3,512>1024>128>256,3,115,0.00575487968,100
640,640,fp32,128,4,3,512>1024>128>256,3,116,0.00575487968,100
640,640,fp32,128,4,3,512>1024>128>256,3,117,0.00573440036,100
640,640,fp32,128,4,3,512>1024>128>256,3,118,0.00574559998,100
640,640,fp32,128,4,3,512>1024>128>256,3,119,0.00575519959,100
640,640,fp32,128,4,3,512>1024>128>256,3,120,0.00573440036,100
640,640,fp32,128,4,3,512>1024>128>256,3,121,0.00572416,100
640,640,fp32,128,4,3,512>1024>128>256,3,122,0.00571392011,100
640,640,fp32,128,4,3,512>1024>128>256,3,123,0.00572416,100
640,640,fp32,128,4,3,512>1024>128>256,3,124,0.00572416,100
640,640,fp32,128,4,3,512>1024>128>256,3,125,0.00572416,100
640,640,fp32,128,4,3,512>1024>128>256,3,126,0.00570367975,100
640,640,fp32,128,4,3,512>1024>128>256,3,127,0.00572576001,100
640,640,fp32,128,4,3,512>1024>128>256,3,128,0.00571392011,100
640,640,fp32,128,4,3,512>1024>128>256,3,129,0.00571392011,100
640,640,fp32,128,4,3,512>1024>128>256,3,130,0.00571392011,100
640,640,fp32,128,4,3,512>1024>128>256,3,131,0.00571392011,100
640,640,fp32,128,4,3,512>1024>128>256,3,132,0.00571392011,100
640,640,fp32,128,4,3,512>1024>128>256,3,133,0.00572416,100
640,640,fp32,128,4,3,512>1024>128>256,3,134,0.00572511973,100
640,640,fp32,128,4,3,512>1024>128>256,3,135,0.00572416,100
640,640,fp32,128,4,3,512>1024>128>256,3,136,0.00571392011,100
640,640,fp32,128,4,3,512>1024>128>256,3,137,0.00571392011,100
640,640,fp32,128,4,3,512>1024>128>256,3,138,0.00572416,100
640,640,fp32,128,4,3,512>1024>128>256,3,139,0.00572416,100
640,640,fp32,128,4,3,512>1024>128>256,3,140,0.00572416,100
640,640,fp32,128,4,3,512>1024>128>256,3,141,0.00572416,100
640,640,fp32,128,4,3,512>1024>128>256,3,142,0.00569408014,100
640,640,fp32,128,4,3,512>1024>128>256,3,143,0.00572416,100
640,640,fp32,128,4,3,512>1024>128>256,3,144,0.00572416,100
640,640,fp32,128,4,3,512>1024>128>256,3,145,0.00573440036,100
640,640,fp32,128,4,3,512>1024>128>256,3,146,0.00571392011,100
640,640,fp32,128,4,3,512>1024>128>256,3,147,0.00571392011,100
640,640,fp32,128,4,3,512>1024>128>256,3,148,0.00571392011,100
640,640,fp32,128,4,3,512>1024>128>256,3,149,0.0057369601,100
640,640,fp32,128,4,3,512>1024>128>256,3,150,0.00576511957,100
640,640,fp32,128,4,3,512>1024>128>256,3,151,0.00577535992,100
640,640,fp32,128,4,3,512>1024>128>256,3,152,0.00576511957,100
640,640,fp32,128,4,3,512>1024>128>256,3,153,0.00577535992,100
640,640,fp32,128,4,3,512>1024>128>256,3,154,0.00577535992,100
640,640,fp32,128,4,3,512>1024>128>256,3,155,0.00577535992,100
640,640,fp32,128,4,3,512>1024>128>256,3,156,0.00580608007,100
640,640,fp32,128,4,3,512>1024>128>256,3,157,0.00576511957,100
640,640,fp32,128,4,3,512>1024>128>256,3,158,0.00575712044,100
640,640,fp32,128,4,3,512>1024>128>256,3,159,0.00576575985,100
640,640,fp32,128,4,3,512>1024>128>256,3,160,0.00577535992,100
640,640,fp32,128,4,3,512>1024>128>256,3,161,0.00577535992,100
640,640,fp32,128,4,3,512>1024>128>256,3,162,0.00576511957,100
640,640,fp32,128,4,3,512>1024>128>256,3,163,0.00576511957,100
640,640,fp32,128,4,3,512>1024>128>256,3,164,0.00577535992,100
640,640,fp32,128,4,3,512>1024>128>256,3,165,0.00576640014,100
640,640,fp32,128,4,3,512>1024>128>256,3,166,0.00576511957,100
640,640,fp32,128,4,3,512>1024>128>256,3,167,0.00576672005,100
640,640,fp32,128,4,3,512>1024>128>256,3,168,0.00575616024,100
640,640,fp32,128,4,3,512>1024>128>256,3,169,0.00576511957,100
640,640,fp32,128,4,3,512>1024>128>256,3,170,0.00578559982,100
640,640,fp32,128,4,3,512>1024>128>256,3,171,0.00576511957,100
640,640,fp32,128,4,3,512>1024>128>256,3,172,0.00576767977,100
640,640,fp32,128,4,3,512>1024>128>256,3,173,0.00576511957,100
640,640,fp32,128,4,3,512>1024>128>256,3,174,0.00578559982,100
640,640,fp32,128,4,3,512>1024>128>256,3,175,0.00576511957,100
640,640,fp32,128,4,3,512>1024>128>256,3,176,0.00575487968,100
640,640,fp32,128,4,3,512>1024>128>256,3,177,0.00577535992,100
640,640,fp32,128,4,3,512>1024>128>256,3,178,0.00577535992,100
640,640,fp32,128,4,3,512>1024>128>256,3,179,0.00576511957,100
640,640,fp32,128,4,3,512>1024>128>256,3,180,0.00576511957,100
640,640,fp32,128,4,3,512>1024>128>256,3,181,0.00577535992,100
640,640,fp32,128,4,3,512>1024>128>256,3,182,0.00577535992,100
640,640,fp32,128,4,3,512>1024>128>256,3,183,0.00577535992,100
640,640,fp32,128,4,3,512>1024>128>256,3,184,0.00576511957,100
640,640,fp32,128,4,3,512>1024>128>256,3,185,0.00576511957,100
640,640,fp32,128,4,3,512>1024>128>256,3,186,0.00578559982,100
640,640,fp32,128,4,3,512>1024>128>256,3,187,0.00577535992,100
640,640,fp32,128,4,3,512>1024>128>256,3,188,0.00575487968,100
640,640,fp32,128,4,3,512>1024>128>256,3,189,0.00576511957,100
640,640,fp32,128,4,3,512>1024>128>256,3,190,0.00577535992,100
640,640,fp32,128,4,3,512>1024>128>256,3,191,0.00575519959,100
640,640,fp32,128,4,3,512>1024>128>256,3,192,0.00576511957,100
640,640,fp32,128,4,3,512>1024>128>256,3,193,0.00577535992,100
640,640,fp32,128,4,3,512>1024>128>256,3,194,0.00576511957,100
640,640,fp32,128,4,3,512>1024>128>256,3,195,0.00577535992,100
640,640,fp32,128,4,3,512>1024>128>256,3,196,0.00577535992,100
640,640,fp32,128,4,3,512>1024>128>256,3,197,0.00577535992,100
640,640,fp32,128,4,3,512>1024>128>256,3,198,0.00577535992,100
640,640,fp32,128,4,3,512>1024>128>256,3,199,0.00576511957,100
640,640,fp32,128,4,4,1024>128>256>512,2,0,0.00551935984,100
640,640,fp32,128,4,4,1024>128>256>512,2,1,0.00547839981,100
640,640,fp32,128,4,4,1024>128>256>512,2,2,0.00547839981,100
640,640,fp32,128,4,4,1024>128>256>512,2,3,0.00546815991,100
640,640,fp32,128,4,4,1024>128>256>512,2,4,0.00546815991,100
640,640,fp32,128,4,4,1024>128>256>512,2,5,0.00547839981,100
640,640,fp32,128,4,4,1024>128>256>512,2,6,0.00546944002,100
640,640,fp32,128,4,4,1024>128>256>512,2,7,0.00546815991,100
640,640,fp32,128,4,4,1024>128>256>512,2,8,0.00546815991,100
640,640,fp32,128,4,4,1024>128>256>512,2,9,0.00547999982,100
640,640,fp32,128,4,4,1024>128>256>512,2,10,0.00547839981,100
640,640,fp32,128,4,4,1024>128>256>512,2,11,0.00546815991,100
640,640,fp32,128,4,4,1024>128>256>512,2,12,0.00547872018,100
640,640,fp32,128,4,4,1024>128>256>512,2,13,0.00547839981,100
640,640,fp32,128,4,4,1024>128>256>512,2,14,0.00545792002,100
640,640,fp32,128,4,4,1024>128>256>512,2,15,0.00546815991,100
640,640,fp32,128,4,4,1024>128>256>512,2,16,0.00546815991,100
640,640,fp32,128,4,4,1024>128>256>512,2,17,0.00547839981,100
640,640,fp32,128,4,4,1024>128>256>512,2,18,0.00546815991,100
640,640,fp32,128,4,4,1024>128>256>512,2,19,0.00548864016,100
640,640,fp32,128,4,4,1024>128>256>512,2,20,0.00546815991,100
640,640,fp32,128,4,4,1024>128>256>512,2,21,0.00546815991,100
640,640,fp32,128,4,4,1024>128>256>512,2,22,0.00546815991,100
640,640,fp32,128,4,4,1024>128>256>512,2,23,0.00547839981,100
640,640,fp32,128,4,4,1024>128>256>512,2,24,0.00545792002,100
640,640,fp32,128,4,4,1024>128>256>512,2,25,0.00546815991,100
640,640,fp32,128,4,4,1024>128>256>512,2,26,0.00546815991,100
640,640,fp32,128,4,4,1024>128>256>512,2,27,0.00547039974,100
640,640,fp32,128,4,4,1024>128>256>512,2,28,0.00547839981,100
640,640,fp32,128,4,4,1024>128>256>512,2,29,0.00547839981,100
640,640,fp32,128,4,4,1024>128>256>512,2,30,0.00548864016,100
640,640,fp32,128,4,4,1024>128>256>512,2,31,0.00547839981,100
640,640,fp32,128,4,4,1024>128>256>512,2,32,0.00547839981,100
640,640,fp32,128,4,4,1024>128>256>512,2,33,0.00547839981,100
640,640,fp32,128,4,4,1024>128>256>512,2,34,0.00547839981,100
640,640,fp32,128,4,4,1024>128>256>512,2,35,0.00546815991,100
640,640,fp32,128,4,4,1024>128>256>512,2,36,0.00546815991,100
640,640,fp32,128,4,4,1024>128>256>512,2,37,0.00547007984,100
640,640,fp32,128,4,4,1024>128>256>512,2,38,0.00547072012,100
640,640,fp32,128,4,4,1024>128>256>512,2,39,0.00547839981,100
640,640,fp32,128,4,4,1024>128>256>512,2,40,0.00546815991,100
640,640,fp32,128,4,4,1024>128>256>512,2,41,0.00546815991,100
640,640,fp32,128,4,4,1024>128>256>512,2,42,0.00547072012,100
640,640,fp32,128,4,4,1024>128>256>512,2,43,0.00546815991,100
640,640,fp32,128,4,4,1024>128>256>512,2,44,0.00547839981,100
640,640,fp32,128,4,4,1024>128>256>512,2,45,0.00547839981,100
640,640,fp32,128,4,4,1024>128>256>512,2,46,0.00546815991,100
640,640,fp32,128,4,4,1024>128>256>512,2,47,0.00547839981,100
640,640,fp32,128,4,4,1024>128>256>512,2,48,0.00548864016,100
640,640,fp32,128,4,4,1024>128>256>512,2,49,0.00547839981,100
640,640,fp32,128,4,4,1024>128>256>512,2,50,0.00547839981,100
640,640,fp32,128,4,4,1024>128>256>512,2,51,0.00546815991,100
640,640,fp32,128,4,4,1024>128>256>512,2,52,0.00547839981,100
640,640,fp32,128,4,4,1024>128>256>512,2,53,0.00548864016,100
640,640,fp32,128,4,4,1024>128>256>512,2,54,0.00549888005,100
640,640,fp32,128,4,4,1024>128>256>512,2,55,0.00548864016,100
640,640,fp32,128,4,4,1024>128>256>512,2,56,0.00547839981,100
640,640,fp32,128,4,4,1024>128>256>512,2,57,0.00548864016,100
640,640,fp32,128,4,4,1024>128>256>512,2,58,0.00547839981,100
640,640,fp32,128,4,4,1024>128>256>512,2,59,0.00546815991,100
640,640,fp32,128,4,4,1024>128>256>512,2,60,0.00548864016,100
640,640,fp32,128,4,4,1024>128>256>512,2,61,0.00548864016,100
640,640,fp32,128,4,4,1024>128>256>512,2,62,0.00548864016,100
640,640,fp32,128,4,4,1024>128>256>512,2,63,0.00547839981,100
640,640,fp32,128,4,4,1024>128>256>512,2,64,0.00546815991,100
640,640,fp32,128,4,4,1024>128>256>512,2,65,0.00547039974,100
640,640,fp32,128,4,4,1024>128>256>512,2,66,0.00547999982,100
640,640,fp32,128,4,4,1024>128>256>512,2,67,0.00547839981,100
640,640,fp32,128,4,4,1024>128>256>512,2,68,0.00547839981,100
640,640,fp32,128,4,4,1024>128>256>512,2,69,0.00547839981,100
640,640,fp32,128,4,4,1024>128>256>512,2,70,0.00546815991,100
640,640,fp32,128,4,4,1024>128>256>512,2,71,0.00547839981,100
640,640,fp32,128,4,4,1024>128>256>512,2,72,0.00548864016,100
640,640,fp32,128,4,4,1024>128>256>512,2,73,0.00546815991,100
640,640,fp32,128,4,4,1024>128>256>512,2,74,0.00546815991,100
640,640,fp32,128,4,4,1024>128>256>512,2,75,0.00546815991,100
640,640,fp32,128,4,4,1024>128>256>512,2,76,0.00547839981,100
640,640,fp32,128,4,4,1024>128>256>512,2,77,0.00546815991,100
640,640,fp32,128,4,4,1024>128>256>512,2,78,0.00549888005,100
640,640,fp32,128,4,4,1024>128>256>512,2,79,0.00549888005,100
640,640,fp32,128,4,4,1024>128>256>512,2,80,0.00567296008,100
640,640,fp32,128,4,4,1024>128>256>512,2,81,0.00568512036,100
640,640,fp32,128,4,4,1024>128>256>512,2,82,0.00570367975,100
640,640,fp32,128,4,4,1024>128>256>512,2,83,0.00570367975,100
640,640,fp32,128,4,4,1024>128>256>512,2,84,0.00568319997,100
640,640,fp32,128,4,4,1024>128>256>512,2,85,0.00568319997,100
640,640,fp32,128,4,4,1024>128>256>512,2,86,0.00569343986,100
640,640,fp32,128,4,4,1024>128>256>512,2,87,0.00569343986,100
640,640,fp32,128,4,4,1024>128>256>512,2,88,0.00569343986,100
640,640,fp32,128,4,4,1024>128>256>512,2,89,0.00569343986,100
640,640,fp32,128,4,4,1024>128>256>512,2,90,0.00569535978,100
640,640,fp32,128,4,4,1024>128>256>512,2,91,0.00568351988,100
640,640,fp32,128,4,4,1024>128>256>512,2,92,0.00569343986,100
640,640,fp32,128,4,4,1024>128>256>512,2,93,0.00568479998,100
640,640,fp32,128,4,4,1024>128>256>512,2,94,0.00568319997,100
640,640,fp32,128,4,4,1024>128>256>512,2,95,0.00568319997,100
640,640,fp32,128,4,4,1024>128>256>512,2,96,0.00569343986,100
640,640,fp32,128,4,4,1024>128>256>512,2,97,0.00570367975,100
640,640,fp32,128,4,4,1024>128>256>512,2,98,0.00569343986,100
640,640,fp32,128,4,4,1024>128>256>512,2,99,0.00568319997,100
640,640,fp32,128,4,4,1024>128>256>512,2,100,0.00569343986,100
640,640,fp32,128,4,4,1024>128>256>512,2,101,0.00569504034,100
640,640,fp32,128,4,4,1024>128>256>512,2,102,0.00569343986,100
640,640,fp32,128,4,4,1024>128>256>512,2,103,0.00569343986,100
640,640,fp32,128,4,4,1024>128>256>512,2,104,0.00568319997,100
640,640,fp32,128,4,4,1024>128>256>512,2,105,0.00569343986,100
640,640,fp32,128,4,4,1024>128>256>512,2,106,0.00569343986,100
640,640,fp32,128,4,4,1024>128>256>512,2,107,0.00569343986,100
640,640,fp32,128,4,4,1024>128>256>512,2,108,0.00570367975,100
640,640,fp32,128,4,4,1024>128>256>512,2,109,0.00568319997,100
640,640,fp32,128,4,4,1024>128>256>512,2,110,0.00569343986,100
640,640,fp32,128,4,4,1024>128>256>512,2,111,0.00570367975,100
640,640,fp32,128,4,4,1024>128>256>512,2,112,0.00568319997,100
640,640,fp32,128,4,4,1024>128>256>512,2,113,0.00569343986,100
640,640,fp32,128,4,4,1024>128>256>512,2,114,0.0056854398,100
640,640,fp32,128,4,4,1024>128>256>512,2,115,0.00570367975,100
640,640,fp32,128,4,4,1024>128>256>512,2,116,0.00575487968,100
640,640,fp32,128,4,4,1024>128>256>512,2,117,0.00574464025,100
640,640,fp32,128,4,4,1024>128>256>512,2,118,0.00574464025,100
640,640,fp32,128,4,4,1024>128>256>512,2,119,0.00576511957,100
640,640,fp32,128,4,4,1024>128>256>512,2,120,0.00573440036,100
640,640,fp32,128,4,4,1024>128>256>512,2,121,0.00574464025,100
640,640,fp32,128,4,4,1024>128>256>512,2,122,0.00572416,100
640,640,fp32,128,4,4,1024>128>256>512,2,123,0.00575487968,100
640,640,fp32,128,4,4,1024>128>256>512,2,124,0.00574464025,100
640,640,fp32,128,4,4,1024>128>256>512,2,125,0.00573440036,100
640,640,fp32,128,4,4,1024>128>256>512,2,126,0.00574464025,100
640,640,fp32,128,4,4,1024>128>256>512,2,127,0.00574464025,100
640,640,fp32,128,4,4,1024>128>256>512,2,128,0.00574464025,100
640,640,fp32,128,4,4,1024>128>256>512,2,129,0.00574464025,100
640,640,fp32,128,4,4,1024>128>256>512,2,130,0.00573568,100
640,640,fp32,128,4,4,1024>128>256>512,2,131,0.00574464025,100
640,640,fp32,128,4,4,1024>128>256>512,2,132,0.00573440036,100
640,640,fp32,128,4,4,1024>128>256>512,2,133,0.00573440036,100
640,640,fp32,128,4,4,1024>128>256>512,2,134,0.00574464025,100
640,640,fp32,128,4,4,1024>128>256>512,2,135,0.00574464025,100
640,640,fp32,128,4,4,1024>128>256>512,2,136,0.00573440036,100
640,640,fp32,128,4,4,1024>128>256>512,2,137,0.00573440036,100
640,640,fp32,128,4,4,1024>128>256>512,2,138,0.00573440036,100
640,640,fp32,128,4,4,1024>128>256>512,2,139,0.00574464025,100
640,640,fp32,128,4,4,1024>128>256>512,2,140,0.00574464025,100
640,640,fp32,128,4,4,1024>128>256>512,2,141,0.00574464025,100
640,640,fp32,128,4,4,1024>128>256>512,2,142,0.00573440036,100
640,640,fp32,128,4,4,1024>128>256>512,2,143,0.00573440036,100
640,640,fp32,128,4,4,1024>128>256>512,2,144,0.00573440036,100
640,640,fp32,128,4,4,1024>128>256>512,2,145,0.00573440036,100
640,640,fp32,128,4,4,1024>128>256>512,2,146,0.00574464025,100
640,640,fp32,128,4,4,1024>128>256>512,2,147,0.00573440036,100
640,640,fp32,128,4,4,1024>128>256>512,2,148,0.00573440036,100
640,640,fp32,128,4,4,1024>128>256>512,2,149,0.00572639983,100
640,640,fp32,128,4,4,1024>128>256>512,2,150,0.00573440036,100
640,640,fp32,128,4,4,1024>128>256>512,2,151,0.00573440036,100
640,640,fp32,128,4,4,1024>128>256>512,2,152,0.00574464025,100
640,640,fp32,128,4,4,1024>128>256>512,2,153,0.00575583987,100
640,640,fp32,128,4,4,1024>128>256>512,2,154,0.00580608007,100
640,640,fp32,128,4,4,1024>128>256>512,2,155,0.00584703963,100
640,640,fp32,128,4,4,1024>128>256>512,2,156,0.00584703963,100
640,640,fp32,128,4,4,1024>128>256>512,2,157,0.00583679974,100
640,640,fp32,128,4,4,1024>128>256>512,2,158,0.00584703963,100
640,640,fp32,128,4,4,1024>128>256>512,2,159,0.00585727999,100
640,640,fp32,128,4,4,1024>128>256>512,2,160,0.00583679974,100
640,640,fp32,128,4,4,1024>128>256>512,2,161,0.00584703963,100
640,640,fp32,128,4,4,1024>128>256>512,2,162,0.00582656031,100
640,640,fp32,128,4,4,1024>128>256>512,2,163,0.00583679974,100
640,640,fp32,128,4,4,1024>128>256>512,2,164,0.00583840022,100
640,640,fp32,128,4,4,1024>128>256>512,2,165,0.00582656031,100
640,640,fp32,128,4,4,1024>128>256>512,2,166,0.00584703963,100
640,640,fp32,128,4,4,1024>128>256>512,2,167,0.00584703963,100
640,640,fp32,128,4,4,1024>128>256>512,2,168,0.00582656031,100
640,640,fp32,128,4,4,1024>128>256>512,2,169,0.00583679974,100
640,640,fp32,128,4,4,1024>128>256>512,2,170,0.00582656031,100
640,640,fp32,128,4,4,1024>128>256>512,2,171,0.00583775993,100
640,640,fp32,128,4,4,1024>128>256>512,2,172,0.00583679974,100
640,640,fp32,128,4,4,1024>128>256>512,2,173,0.00583679974,100
640,640,fp32,128,4,4,1024>128>256>512,2,174,0.00584703963,100
640,640,fp32,128,4,4,1024>128>256>512,2,175,0.00583679974,100
640,640,fp32,128,4,4,1024>128>256>512,2,176,0.00585727999,100
640,640,fp32,128,4,4,1024>128>256>512,2,177,0.00582656031,100
640,640,fp32,128,4,4,1024>128>256>512,2,178,0.00582656031,100
640,640,fp32,128,4,4,1024>128>256>512,2,179,0.00582656031,100
640,640,fp32,128,4,4,1024>128>256>512,2,180,0.00583679974,100
640,640,fp32,128,4,4,1024>128>256>512,2,181,0.00584703963,100
640,640,fp32,128,4,4,1024>128>256>512,2,182,0.00585727999,100
640,640,fp32,128,4,4,1024>128>256>512,2,183,0.00583679974,100
640,640,fp32,128,4,4,1024>128>256>512,2,184,0.00578559982,100
640,640,fp32,128,4,4,1024>128>256>512,2,185,0.00579584017,100
640,640,fp32,128,4,4,1024>128>256>512,2,186,0.00578656001,100
640,640,fp32,128,4,4,1024>128>256>512,2,187,0.00579584017,100
640,640,fp32,128,4,4,1024>128>256>512,2,188,0.00579584017,100
640,640,fp32,128,4,4,1024>128>256>512,2,189,0.00578559982,100
640,640,fp32,128,4,4,1024>128>256>512,2,190,0.00577535992,100
640,640,fp32,128,4,4,1024>128>256>512,2,191,0.00579584017,100
640,640,fp32,128,4,4,1024>128>256>512,2,192,0.00579584017,100
640,640,fp32,128,4,4,1024>128>256>512,2,193,0.00578559982,100
640,640,fp32,128,4,4,1024>128>256>512,2,194,0.00579584017,100
640,640,fp32,128,4,4,1024>128>256>512,2,195,0.00579584017,100
640,640,fp32,128,4,4,1024>128>256>512,2,196,0.00579584017,100
640,640,fp32,128,4,4,1024>128>256>512,2,197,0.00579584017,100
640,640,fp32,128,4,4,1024>128>256>512,2,198,0.00578688039,100
640,640,fp32,128,4,4,1024>128>256>512,2,199,0.00579584017,100
640,640,fp32,256,8,1,128>256>512>1024,2,0,0.00553984009,100
640,640,fp32,256,8,1,128>256>512>1024,2,1,0.00550912041,100
640,640,fp32,256,8,1,128>256>512>1024,2,2,0.00549888005,100
640,640,fp32,256,8,1,128>256>512>1024,2,3,0.00550912041,100
640,640,fp32,256,8,1,128>256>512>1024,2,4,0.00552959973,100
640,640,fp32,256,8,1,128>256>512>1024,2,5,0.00551935984,100
640,640,fp32,256,8,1,128>256>512>1024,2,6,0.00550912041,100
640,640,fp32,256,8,1,128>256>512>1024,2,7,0.00551935984,100
640,640,fp32,256,8,1,128>256>512>1024,2,8,0.00550912041,100
640,640,fp32,256,8,1,128>256>512>1024,2,9,0.00549888005,100
640,640,fp32,256,8,1,128>256>512>1024,2,10,0.00550912041,100
640,640,fp32,256,8,1,128>256>512>1024,2,11,0.00550912041,100
640,640,fp32,256,8,1,128>256>512>1024,2,12,0.00550912041,100
640,640,fp32,256,8,1,128>256>512>1024,2,13,0.00551935984,100
640,640,fp32,256,8,1,128>256>512>1024,2,14,0.00551935984,100
640,640,fp32,256,8,1,128>256>512>1024,2,15,0.00549888005,100
640,640,fp32,256,8,1,128>256>512>1024,2,16,0.00550912041,100
640,640,fp32,256,8,1,128>256>512>1024,2,17,0.00549888005,100
640,640,fp32,256,8,1,128>256>512>1024,2,18,0.00552959973,100
640,640,fp32,256,8,1,128>256>512>1024,2,19,0.00551935984,100
640,640,fp32,256,8,1,128>256>512>1024,2,20,0.00551935984,100
640,640,fp32,256,8,1,128>256>512>1024,2,21,0.00551935984,100
640,640,fp32,256,8,1,128>256>512>1024,2,22,0.00551935984,100
640,640,fp32,256,8,1,128>256>512>1024,2,23,0.00550912041,100
640,640,fp32,256,8,1,128>256>512>1024,2,24,0.00550912041,100
640,640,fp32,256,8,1,128>256>512>1024,2,25,0.00548864016,100
640,640,fp32,256,8,1,128>256>512>1024,2,26,0.00550912041,100
640,640,fp32,256,8,1,128>256>512>1024,2,27,0.00549888005,100
640,640,fp32,256,8,1,128>256>512>1024,2,28,0.00551935984,100
640,640,fp32,256,8,1,128>256>512>1024,2,29,0.00550912041,100
640,640,fp32,256,8,1,128>256>512>1024,2,30,0.00552959973,100
640,640,fp32,256,8,1,128>256>512>1024,2,31,0.00552032003,100
640,640,fp32,256,8,1,128>256>512>1024,2,32,0.00551935984,100
640,640,fp32,256,8,1,128>256>512>1024,2,33,0.00551935984,100
640,640,fp32,256,8,1,128>256>512>1024,2,34,0.00551935984,100
640,640,fp32,256,8,1,128>256>512>1024,2,35,0.00551935984,100
640,640,fp32,256,8,1,128>256>512>1024,2,36,0.00549888005,100
640,640,fp32,256,8,1,128>256>512>1024,2,37,0.00551935984,100
640,640,fp32,256,8,1,128>256>512>1024,2,38,0.00549888005,100
640,640,fp32,256,8,1,128>256>512>1024,2,39,0.00550912041,100
640,640,fp32,256,8,1,128>256>512>1024,2,40,0.00550912041,100
640,640,fp32,256,8,1,128>256>512>1024,2,41,0.00550912041,100
640,640,fp32,256,8,1,128>256>512>1024,2,42,0.00550912041,100
640,640,fp32,256,8,1,128>256>512>1024,2,43,0.00551935984,100
640,640,fp32,256,8,1,128>256>512>1024,2,44,0.00551040005,100
640,640,fp32,256,8,1,128>256>512>1024,2,45,0.00550912041,100
640,640,fp32,256,8,1,128>256>512>1024,2,46,0.00551935984,100
640,640,fp32,256,8,1,128>256>512>1024,2,47,0.00550912041,100
640,640,fp32,256,8,1,128>256>512>1024,2,48,0.00551071996,100
640,640,fp32,256,8,1,128>256>512>1024,2,49,0.00551935984,100
640,640,fp32,256,8,1,128>256>512>1024,2,50,0.00551935984,100
640,640,fp32,256,8,1,128>256>512>1024,2,51,0.00550912041,100
640,640,fp32,256,8,1,128>256>512>1024,2,52,0.00550912041,100
640,640,fp32,256,8,1,128>256>512>1024,2,53,0.00550912041,100
640,640,fp32,256,8,1,128>256>512>1024,2,54,0.00549888005,100
640,640,fp32,256,8,1,128>256>512>1024,2,55,0.00551935984,100
640,640,fp32,256,8,1,128>256>512>1024,2,56,0.00550912041,100
640,640,fp32,256,8,1,128>256>512>1024,2,57,0.00550912041,100
640,640,fp32,256,8,1,128>256>512>1024,2,58,0.00551935984,100
640,640,fp32,256,8,1,128>256>512>1024,2,59,0.00552959973,100
640,640,fp32,256,8,1,128>256>512>1024,2,60,0.00551935984,100
640,640,fp32,256,8,1,128>256>512>1024,2,61,0.00549888005,100
640,640,fp32,256,8,1,128>256>512>1024,2,62,0.00550912041,100
640,640,fp32,256,8,1,128>256>512>1024,2,63,0.00549888005,100
640,640,fp32,256,8,1,128>256>512>1024,2,64,0.00550912041,100
640,640,fp32,256,8,1,128>256>512>1024,2,65,0.00550912041,100
640,640,fp32,256,8,1,128>256>512>1024,2,66,0.00551103987,100
640,640,fp32,256,8,1,128>256>512>1024,2,67,0.00551935984,100
640,640,fp32,256,8,1,128>256>512>1024,2,68,0.00550912041,100
640,640,fp32,256,8,1,128>256>512>1024,2,69,0.00551040005,100
640,640,fp32,256,8,1,128>256>512>1024,2,70,0.00549888005,100
640,640,fp32,256,8,1,128>256>512>1024,2,71,0.00551040005,100
640,640,fp32,256,8,1,128>256>512>1024,2,72,0.00551935984,100
640,640,fp32,256,8,1,128>256>512>1024,2,73,0.00550912041,100
640,640,fp32,256,8,1,128>256>512>1024,2,74,0.00550912041,100
640,640,fp32,256,8,1,128>256>512>1024,2,75,0.00551935984,100
640,640,fp32,256,8,1,128>256>512>1024,2,76,0.00551935984,100
640,640,fp32,256,8,1,128>256>512>1024,2,77,0.00550912041,100
640,640,fp32,256,8,1,128>256>512>1024,2,78,0.00549888005,100
640,640,fp32,256,8,1,128>256>512>1024,2,79,0.00552959973,100
640,640,fp32,256,8,1,128>256>512>1024,2,80,0.00552959973,100
640,640,fp32,256,8,1,128>256>512>1024,2,81,0.00550975977,100
640,640,fp32,256,8,1,128>256>512>1024,2,82,0.00551935984,100
640,640,fp32,256,8,1,128>256>512>1024,2,83,0.00551935984,100
640,640,fp32,256,8,1,128>256>512>1024,2,84,0.00551935984,100
640,640,fp32,256,8,1,128>256>512>1024,2,85,0.00567296008,100
640,640,fp32,256,8,1,128>256>512>1024,2,86,0.00574464025,100
640,640,fp32,256,8,1,128>256>512>1024,2,87,0.00573440036,100
640,640,fp32,256,8,1,128>256>512>1024,2,88,0.00575487968,100
640,640,fp32,256,8,1,128>256>512>1024,2,89,0.00576511957,100
640,640,fp32,256,8,1,128>256>512>1024,2,90,0.00573440036,100
640,640,fp32,256,8,1,128>256>512>1024,2,91,0.00574464025,100
640,640,fp32,256,8,1,128>256>512>1024,2,92,0.00574464025,100
640,640,fp32,256,8,1,128>256>512>1024,2,93,0.00574464025,100
640,640,fp32,256,8,1,128>256>512>1024,2,94,0.00573440036,100
640,640,fp32,256,8,1,128>256>512>1024,2,95,0.00572416,100
640,640,fp32,256,8,1,128>256>512>1024,2,96,0.00575487968,100
640,640,fp32,256,8,1,128>256>512>1024,2,97,0.00573440036,100
640,640,fp32,256,8,1,128>256>512>1024,2,98,0.00574464025,100
640,640,fp32,256,8,1,128>256>512>1024,2,99,0.00574464025,100
640,640,fp32,256,8,1,128>256>512>1024,2,100,0.00575487968,100
640,640,fp32,256,8,1,128>256>512>1024,2,101,0.00573440036,100
640,640,fp32,256,8,1,128>256>512>1024,2,102,0.00573440036,100
640,640,fp32,256,8,1,128>256>512>1024,2,103,0.00574464025,100
640,640,fp32,256,8,1,128>256>512>1024,2,104,0.00574464025,100
640,640,fp32,256,8,1,128>256>512>1024,2,105,0.00572416,100
640,640,fp32,256,8,1,128>256>512>1024,2,106,0.00574464025,100
640,640,fp32,256,8,1,128>256>512>1024,2,107,0.00574464025,100
640,640,fp32,256,8,1,128>256>512>1024,2,108,0.0057359999,100
640,640,fp32,256,8,1,128>256>512>1024,2,109,0.00574464025,100
640,640,fp32,256,8,1,128>256>512>1024,2,110,0.00574464025,100
640,640,fp32,256,8,1,128>256>512>1024,2,111,0.00574464025,100
640,640,fp32,256,8,1,128>256>512>1024,2,112,0.00574464025,100
640,640,fp32,256,8,1,128>256>512>1024,2,113,0.00575487968,100
640,640,fp32,256,8,1,128>256>512>1024,2,114,0.00574559998,100
640,640,fp32,256,8,1,128>256>512>1024,2,115,0.0057359999,100
640,640,fp32,256,8,1,128>256>512>1024,2,116,0.00576511957,100
640,640,fp32,256,8,1,128>256>512>1024,2,117,0.00576511957,100
640,640,fp32,256,8,1,128>256>512>1024,2,118,0.00573440036,100
640,640,fp32,256,8,1,128>256>512>1024,2,119,0.00573440036,100
640,640,fp32,256,8,1,128>256>512>1024,2,120,0.00574464025,100
640,640,fp32,256,8,1,128>256>512>1024,2,121,0.00572639983,100
640,640,fp32,256,8,1,128>256>512>1024,2,122,0.00574464025,100
640,640,fp32,256,8,1,128>256>512>1024,2,123,0.00572416,100
640,640,fp32,256,8,1,128>256>512>1024,2,124,0.00574464025,100
640,640,fp32,256,8,1,128>256>512>1024,2,125,0.00578559982,100
640,640,fp32,256,8,1,128>256>512>1024,2,126,0.00579584017,100
640,640,fp32,256,8,1,128>256>512>1024,2,127,0.00577535992,100
640,640,fp32,256,8,1,128>256>512>1024,2,128,0.00579743972,100
640,640,fp32,256,8,1,128>256>512>1024,2,129,0.00578688039,100
640,640,fp32,256,8,1,128>256>512>1024,2,130,0.00578559982,100
640,640,fp32,256,8,1,128>256>512>1024,2,131,0.00579584017,100
640,640,fp32,256,8,1,128>256>512>1024,2,132,0.00580608007,100
640,640,fp32,256,8,1,128>256>512>1024,2,133,0.00579584017,100
640,640,fp32,256,8,1,128>256>512>1024,2,134,0.00579584017,100
640,640,fp32,256,8,1,128>256>512>1024,2,135,0.00580608007,100
640,640,fp32,256,8,1,128>256>512>1024,2,136,0.00578559982,100
640,640,fp32,256,8,1,128>256>512>1024,2,137,0.00579584017,100
640,640,fp32,256,8,1,128>256>512>1024,2,138,0.00578559982,100
640,640,fp32,256,8,1,128>256>512>1024,2,139,0.00579584017,100
640,640,fp32,256,8,1,128>256>512>1024,2,140,0.00579584017,100
640,640,fp32,256,8,1,128>256>512>1024,2,141,0.00580608007,100
640,640,fp32,256,8,1,128>256>512>1024,2,142,0.00580608007,100
640,640,fp32,256,8,1,128>256>512>1024,2,143,0.00578559982,100
640,640,fp32,256,8,1,128>256>512>1024,2,144,0.00579584017,100
640,640,fp32,256,8,1,128>256>512>1024,2,145,0.00578656001,100
640,640,fp32,256,8,1,128>256>512>1024,2,146,0.00579584017,100
640,640,fp32,256,8,1,128>256>512>1024,2,147,0.00578559982,100
640,640,fp32,256,8,1,128>256>512>1024,2,148,0.00578559982,100
640,640,fp32,256,8,1,128>256>512>1024,2,149,0.00579584017,100
640,640,fp32,256,8,1,128>256>512>1024,2,150,0.00579584017,100
640,640,fp32,256,8,1,128>256>512>1024,2,151,0.00578559982,100
640,640,fp32,256,8,1,128>256>512>1024,2,152,0.00579584017,100
640,640,fp32,256,8,1,128>256>512>1024,2,153,0.00578656001,100
640,640,fp32,256,8,1,128>256>512>1024,2,154,0.00580608007,100
640,640,fp32,256,8,1,128>256>512>1024,2,155,0.00584703963,100
640,640,fp32,256,8,1,128>256>512>1024,2,156,0.00584703963,100
640,640,fp32,256,8,1,128>256>512>1024,2,157,0.00583679974,100
640,640,fp32,256,8,1,128>256>512>1024,2,158,0.00584703963,100
640,640,fp32,256,8,1,128>256>512>1024,2,159,0.00584703963,100
640,640,fp32,256,8,1,128>256>512>1024,2,160,0.00583679974,100
640,640,fp32,256,8,1,128>256>512>1024,2,161,0.00583679974,100
640,640,fp32,256,8,1,128>256>512>1024,2,162,0.00583679974,100
640,640,fp32,256,8,1,128>256>512>1024,2,163,0.00583679974,100
640,640,fp32,256,8,1,128>256>512>1024,2,164,0.00581664033,100
640,640,fp32,256,8,1,128>256>512>1024,2,165,0.00581631996,100
640,640,fp32,256,8,1,128>256>512>1024,2,166,0.00582656031,100
640,640,fp32,256,8,1,128>256>512>1024,2,167,0.00581664033,100
640,640,fp32,256,8,1,128>256>512>1024,2,168,0.00581631996,100
640,640,fp32,256,8,1,128>256>512>1024,2,169,0.00582656031,100
640,640,fp32,256,8,1,128>256>512>1024,2,170,0.00582656031,100
640,640,fp32,256,8,1,128>256>512>1024,2,171,0.00584703963,100
640,640,fp32,256,8,1,128>256>512>1024,2,172,0.00581631996,100
640,640,fp32,256,8,1,128>256>512>1024,2,173,0.00581631996,100
640,640,fp32,256,8,1,128>256>512>1024,2,174,0.00583679974,100
640,640,fp32,256,8,1,128>256>512>1024,2,175,0.00583679974,100
640,640,fp32,256,8,1,128>256>512>1024,2,176,0.00582656031,100
640,640,fp32,256,8,1,128>256>512>1024,2,177,0.00582656031,100
640,640,fp32,256,8,1,128>256>512>1024,2,178,0.00582656031,100
640,640,fp32,256,8,1,128>256>512>1024,2,179,0.00582656031,100
640,640,fp32,256,8,1,128>256>512>1024,2,180,0.00579584017,100
640,640,fp32,256,8,1,128>256>512>1024,2,181,0.00581631996,100
640,640,fp32,256,8,1,128>256>512>1024,2,182,0.00581823988,100
640,640,fp32,256,8,1,128>256>512>1024,2,183,0.00580608007,100
640,640,fp32,256,8,1,128>256>512>1024,2,184,0.00581631996,100
640,640,fp32,256,8,1,128>256>512>1024,2,185,0.00582656031,100
640,640,fp32,256,8,1,128>256>512>1024,2,186,0.00581631996,100
640,640,fp32,256,8,1,128>256>512>1024,2,187,0.00582880015,100
640,640,fp32,256,8,1,128>256>512>1024,2,188,0.00582656031,100
640,640,fp32,256,8,1,128>256>512>1024,2,189,0.00578559982,100
640,640,fp32,256,8,1,128>256>512>1024,2,190,0.00577535992,100
640,640,fp32,256,8,1,128>256>512>1024,2,191,0.00576511957,100
640,640,fp32,256,8,1,128>256>512>1024,2,192,0.00578559982,100
640,640,fp32,256,8,1,128>256>512>1024,2,193,0.00578559982,100
640,640,fp32,256,8,1,128>256>512>1024,2,194,0.00578559982,100
640,640,fp32,256,8,1,128>256>512>1024,2,195,0.00578559982,100
640,640,fp32,256,8,1,128>256>512>1024,2,196,0.00577535992,100
640,640,fp32,256,8,1,128>256>512>1024,2,197,0.00577535992,100
640,640,fp32,256,8,1,128>256>512>1024,2,198,0.00577535992,100
640,640,fp32,256,8,1,128>256>512>1024,2,199,0.00578688039,100
640,640,fp32,256,8,2,256>512>1024>128,1,0,0.00553984009,100
640,640,fp32,256,8,2,256>512>1024>128,1,1,0.00549888005,100
640,640,fp32,256,8,2,256>512>1024>128,1,2,0.00550111989,100
640,640,fp32,256,8,2,256>512>1024>128,1,3,0.00550111989,100
640,640,fp32,256,8,2,256>512>1024>128,1,4,0.00550912041,100
640,640,fp32,256,8,2,256>512>1024>128,1,5,0.00549888005,100
640,640,fp32,256,8,2,256>512>1024>128,1,6,0.00550912041,100
640,640,fp32,256,8,2,256>512>1024>128,1,7,0.00551935984,100
640,640,fp32,256,8,2,256>512>1024>128,1,8,0.00549888005,100
640,640,fp32,256,8,2,256>512>1024>128,1,9,0.00550912041,100
640,640,fp32,256,8,2,256>512>1024>128,1,10,0.00549888005,100
640,640,fp32,256,8,2,256>512>1024>128,1,11,0.00550015969,100
640,640,fp32,256,8,2,256>512>1024>128,1,12,0.00549888005,100
640,640,fp32,256,8,2,256>512>1024>128,1,13,0.00551935984,100
640,640,fp32,256,8,2,256>512>1024>128,1,14,0.00552160013,100
640,640,fp32,256,8,2,256>512>1024>128,1,15,0.00550912041,100
640,640,fp32,256,8,2,256>512>1024>128,1,16,0.00551935984,100
640,640,fp32,256,8,2,256>512>1024>128,1,17,0.00550912041,100
640,640,fp32,256,8,2,256>512>1024>128,1,18,0.00551935984,100
640,640,fp32,256,8,2,256>512>1024>128,1,19,0.00551935984,100
640,640,fp32,256,8,2,256>512>1024>128,1,20,0.00551935984,100
640,640,fp32,256,8,2,256>512>1024>128,1,21,0.00549888005,100
640,640,fp32,256,8,2,256>512>1024>128,1,22,0.00550912041,100
640,640,fp32,256,8,2,256>512>1024>128,1,23,0.00549888005,100
640,640,fp32,256,8,2,256>512>1024>128,1,24,0.00551935984,100
640,640,fp32,256,8,2,256>512>1024>128,1,25,0.00549888005,100
640,640,fp32,256,8,2,256>512>1024>128,1,26,0.00550912041,100
640,640,fp32,256,8,2,256>512>1024>128,1,27,0.00551007967,100
640,640,fp32,256,8,2,256>512>1024>128,1,28,0.00548864016,100
640,640,fp32,256,8,2,256>512>1024>128,1,29,0.00549888005,100
640,640,fp32,256,8,2,256>512>1024>128,1,30,0.00550912041,100
640,640,fp32,256,8,2,256>512>1024>128,1,31,0.00549888005,100
640,640,fp32,256,8,2,256>512>1024>128,1,32,0.00551935984,100
640,640,fp32,256,8,2,256>512>1024>128,1,33,0.00549888005,100
640,640,fp32,256,8,2,256>512>1024>128,1,34,0.00549888005,100
640,640,fp32,256,8,2,256>512>1024>128,1,35,0.00549888005,100
640,640,fp32,256,8,2,256>512>1024>128,1,36,0.00550912041,100
640,640,fp32,256,8,2,256>512>1024>128,1,37,0.00549888005,100
640,640,fp32,256,8,2,256>512>1024>128,1,38,0.00549951987,100
640,640,fp32,256,8,2,256>512>1024>128,1,39,0.00549888005,100
640,640,fp32,256,8,2,256>512>1024>128,1,40,0.00549888005,100
640,640,fp32,256,8,2,256>512>1024>128,1,41,0.00550912041,100
640,640,fp32,256,8,2,256>512>1024>128,1,42,0.00550912041,100
640,640,fp32,256,8,2,256>512>1024>128,1,43,0.00549888005,100
640,640,fp32,256,8,2,256>512>1024>128,1,44,0.00550912041,100
640,640,fp32,256,8,2,256>512>1024>128,1,45,0.00549888005,100
640,640,fp32,256,8,2,256>512>1024>128,1,46,0.00551935984,100
640,640,fp32,256,8,2,256>512>1024>128,1,47,0.00549983978,100
640,640,fp32,256,8,2,256>512>1024>128,1,48,0.00550015969,100
640,640,fp32,256,8,2,256>512>1024>128,1,49,0.00549888005,100
640,640,fp32,256,8,2,256>512>1024>128,1,50,0.00550912041,100
640,640,fp32,256,8,2,256>512>1024>128,1,51,0.00550912041,100
640,640,fp32,256,8,2,256>512>1024>128,1,52,0.00551935984,100
640,640,fp32,256,8,2,256>512>1024>128,1,53,0.00549983978,100
640,640,fp32,256,8,2,256>512>1024>128,1,54,0.00550912041,100
640,640,fp32,256,8,2,256>512>1024>128,1,55,0.00551935984,100
640,640,fp32,256,8,2,256>512>1024>128,1,56,0.00550912041,100
640,640,fp32,256,8,2,256>512>1024>128,1,57,0.00550912041,100
640,640,fp32,256,8,2,256>512>1024>128,1,58,0.00551935984,100
640,640,fp32,256,8,2,256>512>1024>128,1,59,0.00550912041,100
640,640,fp32,256,8,2,256>512>1024>128,1,60,0.00559104048,100
640,640,fp32,256,8,2,256>512>1024>128,1,61,0.00558080012,100
640,640,fp32,256,8,2,256>512>1024>128,1,62,0.00557056023,100
640,640,fp32,256,8,2,256>512>1024>128,1,63,0.00557056023,100
640,640,fp32,256,8,2,256>512>1024>128,1,64,0.00557056023,100
640,640,fp32,256,8,2,256>512>1024>128,1,65,0.00558080012,100
640,640,fp32,256,8,2,256>512>1024>128,1,66,0.00557056023,100
640,640,fp32,256,8,2,256>512>1024>128,1,67,0.00556031987,100
640,640,fp32,256,8,2,256>512>1024>128,1,68,0.00556096015,100
640,640,fp32,256,8,2,256>512>1024>128,1,69,0.00557215977,100
640,640,fp32,256,8,2,256>512>1024>128,1,70,0.00558080012,100
640,640,fp32,256,8,2,256>512>1024>128,1,71,0.00558080012,100
640,640,fp32,256,8,2,256>512>1024>128,1,72,0.00559104048,100
640,640,fp32,256,8,2,256>512>1024>128,1,73,0.00557056023,100
640,640,fp32,256,8,2,256>512>1024>128,1,74,0.00557056023,100
640,640,fp32,256,8,2,256>512>1024>128,1,75,0.00558080012,100
640,640,fp32,256,8,2,256>512>1024>128,1,76,0.00558080012,100
640,640,fp32,256,8,2,256>512>1024>128,1,77,0.00556031987,100
640,640,fp32,256,8,2,256>512>1024>128,1,78,0.00557056023,100
640,640,fp32,256,8,2,256>512>1024>128,1,79,0.00557056023,100
640,640,fp32,256,8,2,256>512>1024>128,1,80,0.00558080012,100
640,640,fp32,256,8,2,256>512>1024>128,1,81,0.00556031987,100
640,640,fp32,256,8,2,256>512>1024>128,1,82,0.00558080012,100
640,640,fp32,256,8,2,256>512>1024>128,1,83,0.00557056023,100
640,640,fp32,256,8,2,256>512>1024>128,1,84,0.00557056023,100
640,640,fp32,256,8,2,256>512>1024>128,1,85,0.00557151996,100
640,640,fp32,256,8,2,256>512>1024>128,1,86,0.00557056023,100
640,640,fp32,256,8,2,256>512>1024>128,1,87,0.00557056023,100
640,640,fp32,256,8,2,256>512>1024>128,1,88,0.00558080012,100
640,640,fp32,256,8,2,256>512>1024>128,1,89,0.00556031987,100
640,640,fp32,256,8,2,256>512>1024>128,1,90,0.00557056023,100
640,640,fp32,256,8,2,256>512>1024>128,1,91,0.00557056023,100
640,640,fp32,256,8,2,256>512>1024>128,1,92,0.00558240013,100
640,640,fp32,256,8,2,256>512>1024>128,1,93,0.00557056023,100
640,640,fp32,256,8,2,256>512>1024>128,1,94,0.00558080012,100
640,640,fp32,256,8,2,256>512>1024>128,1,95,0.00559104048,100
640,640,fp32,256,8,2,256>512>1024>128,1,96,0.00558080012,100
640,640,fp32,256,8,2,256>512>1024>128,1,97,0.00559104048,100
640,640,fp32,256,8,2,256>512>1024>128,1,98,0.00556031987,100
640,640,fp32,256,8,2,256>512>1024>128,1,99,0.00558080012,100
640,640,fp32,256,8,2,256>512>1024>128,1,100,0.00569343986,100
640,640,fp32,256,8,2,256>512>1024>128,1,101,0.00572416,100
640,640,fp32,256,8,2,256>512>1024>128,1,102,0.00573440036,100
640,640,fp32,256,8,2,256>512>1024>128,1,103,0.00572416,100
640,640,fp32,256,8,2,256>512>1024>128,1,104,0.00571392011,100
640,640,fp32,256,8,2,256>512>1024>128,1,105,0.00571392011,100
640,640,fp32,256,8,2,256>512>1024>128,1,106,0.00573440036,100
640,640,fp32,256,8,2,256>512>1024>128,1,107,0.00571392011,100
640,640,fp32,256,8,2,256>512>1024>128,1,108,0.00573440036,100
640,640,fp32,256,8,2,256>512>1024>128,1,109,0.00572416,100
640,640,fp32,256,8,2,256>512>1024>128,1,110,0.00572416,100
640,640,fp32,256,8,2,256>512>1024>128,1,111,0.00572416,100
640,640,fp32,256,8,2,256>512>1024>128,1,112,0.00572416,100
640,640,fp32,256,8,2,256>512>1024>128,1,113,0.00572416,100
640,640,fp32,256,8,2,256>512>1024>128,1,114,0.00574464025,100
640,640,fp32,256,8,2,256>512>1024>128,1,115,0.00573440036,100
640,640,fp32,256,8,2,256>512>1024>128,1,116,0.00573440036,100
640,640,fp32,256,8,2,256>512>1024>128,1,117,0.00572416,100
640,640,fp32,256,8,2,256>512>1024>128,1,118,0.00572416,100
640,640,fp32,256,8,2,256>512>1024>128,1,119,0.00573440036,100
640,640,fp32,256,8,2,256>512>1024>128,1,120,0.00573440036,100
640,640,fp32,256,8,2,256>512>1024>128,1,121,0.00572416,100
640,640,fp32,256,8,2,256>512>1024>128,1,122,0.00574464025,100
640,640,fp32,256,8,2,256>512>1024>128,1,123,0.00571392011,100
640,640,fp32,256,8,2,256>512>1024>128,1,124,0.00572416,100
640,640,fp32,256,8,2,256>512>1024>128,1,125,0.00573440036,100
640,640,fp32,256,8,2,256>512>1024>128,1,126,0.00573440036,100
640,640,fp32,256,8,2,256>512>1024>128,1,127,0.00574495969,100
640,640,fp32,256,8,2,256>512>1024>128,1,128,0.00573440036,100
640,640,fp32,256,8,2,256>512>1024>128,1,129,0.00572416,100
640,640,fp32,256,8,2,256>512>1024>128,1,130,0.00572416,100
640,640,fp32,256,8,2,256>512>1024>128,1,131,0.00576511957,100
640,640,fp32,256,8,2,256>512>1024>128,1,132,0.00576511957,100
640,640,fp32,256,8,2,256>512>1024>128,1,133,0.00576511957,100
640,640,fp32,256,8,2,256>512>1024>128,1,134,0.00576511957,100
640,640,fp32,256,8,2,256>512>1024>128,1,135,0.00576511957,100
640,640,fp32,256,8,2,256>512>1024>128,1,136,0.00577535992,100
640,640,fp32,256,8,2,256>512>1024>128,1,137,0.00575487968,100
640,640,fp32,256,8,2,256>512>1024>128,1,138,0.00576511957,100
640,640,fp32,256,8,2,256>512>1024>128,1,139,0.00574464025,100
640,640,fp32,256,8,2,256>512>1024>128,1,140,0.00576511957,100
640,640,fp32,256,8,2,256>512>1024>128,1,141,0.00576511957,100
640,640,fp32,256,8,2,256>512>1024>128,1,142,0.00575487968,100
640,640,fp32,256,8,2,256>512>1024>128,1,143,0.00577535992,100
640,640,fp32,256,8,2,256>512>1024>128,1,144,0.00576640014,100
640,640,fp32,256,8,2,256>512>1024>128,1,145,0.00577535992,100
640,640,fp32,256,8,2,256>512>1024>128,1,146,0.00576672005,100
640,640,fp32,256,8,2,256>512>1024>128,1,147,0.00576511957,100
640,640,fp32,256,8,2,256>512>1024>128,1,148,0.00577535992,100
640,640,fp32,256,8,2,256>512>1024>128,1,149,0.00578559982,100
640,640,fp32,256,8,2,256>512>1024>128,1,150,0.00576511957,100
640,640,fp32,256,8,2,256>512>1024>128,1,151,0.00578559982,100
640,640,fp32,256,8,2,256>512>1024>128,1,152,0.00576511957,100
640,640,fp32,256,8,2,256>512>1024>128,1,153,0.00576511957,100
640,640,fp32,256,8,2,256>512>1024>128,1,154,0.00576511957,100
640,640,fp32,256,8,2,256>512>1024>128,1,155,0.00577535992,100
640,640,fp32,256,8,2,256>512>1024>128,1,156,0.00577535992,100
640,640,fp32,256,8,2,256>512>1024>128,1,157,0.00577759976,100
640,640,fp32,256,8,2,256>512>1024>128,1,158,0.00577535992,100
640,640,fp32,256,8,2,256>512>1024>128,1,159,0.00576511957,100
640,640,fp32,256,8,2,256>512>1024>128,1,160,0.00577535992,100
640,640,fp32,256,8,2,256>512>1024>128,1,161,0.00578559982,100
640,640,fp32,256,8,2,256>512>1024>128,1,162,0.00577535992,100
640,640,fp32,256,8,2,256>512>1024>128,1,163,0.00576511957,100
640,640,fp32,256,8,2,256>512>1024>128,1,164,0.00575487968,100
640,640,fp32,256,8,2,256>512>1024>128,1,165,0.00575487968,100
640,640,fp32,256,8,2,256>512>1024>128,1,166,0.00581631996,100
640,640,fp32,256,8,2,256>512>1024>128,1,167,0.00583679974,100
640,640,fp32,256,8,2,256>512>1024>128,1,168,0.00583679974,100
640,640,fp32,256,8,2,256>512>1024>128,1,169,0.00582656031,100
640,640,fp32,256,8,2,256>512>1024>128,1,170,0.00583679974,100
640,640,fp32,256,8,2,256>512>1024>128,1,171,0.00581631996,100
640,640,fp32,256,8,2,256>512>1024>128,1,172,0.00581856025,100
640,640,fp32,256,8,2,256>512>1024>128,1,173,0.00582656031,100
640,640,fp32,256,8,2,256>512>1024>128,1,174,0.00583679974,100
640,640,fp32,256,8,2,256>512>1024>128,1,175,0.00582656031,100
640,640,fp32,256,8,2,256>512>1024>128,1,176,0.00582656031,100
640,640,fp32,256,8,2,256>512>1024>128,1,177,0.00582880015,100
640,640,fp32,256,8,2,256>512>1024>128,1,178,0.00581631996,100
640,640,fp32,256,8,2,256>512>1024>128,1,179,0.00582752004,100
640,640,fp32,256,8,2,256>512>1024>128,1,180,0.00581631996,100
640,640,fp32,256,8,2,256>512>1024>128,1,181,0.00581631996,100
640,640,fp32,256,8,2,256>512>1024>128,1,182,0.00582656031,100
640,640,fp32,256,8,2,256>512>1024>128,1,183,0.00581631996,100
640,640,fp32,256,8,2,256>512>1024>128,1,184,0.00582656031,100
640,640,fp32,256,8,2,256>512>1024>128,1,185,0.00583679974,100
640,640,fp32,256,8,2,256>512>1024>128,1,186,0.00582656031,100
640,640,fp32,256,8,2,256>512>1024>128,1,187,0.00583679974,100
640,640,fp32,256,8,2,256>512>1024>128,1,188,0.00581631996,100
640,640,fp32,256,8,2,256>512>1024>128,1,189,0.00583679974,100
640,640,fp32,256,8,2,256>512>1024>128,1,190,0.00582656031,100
640,640,fp32,256,8,2,256>512>1024>128,1,191,0.00582656031,100
640,640,fp32,256,8,2,256>512>1024>128,1,192,0.00583679974,100
640,640,fp32,256,8,2,256>512>1024>128,1,193,0.00582656031,100
640,640,fp32,256,8,2,256>512>1024>128,1,194,0.00580608007,100
640,640,fp32,256,8,2,256>512>1024>128,1,195,0.00581631996,100
640,640,fp32,256,8,2,256>512>1024>128,1,196,0.00582656031,100
640,640,fp32,256,8,2,256>512>1024>128,1,197,0.00583679974,100
640,640,fp32,256,8,2,256>512>1024>128,1,198,0.00582656031,100
640,640,fp32,256,8,2,256>512>1024>128,1,199,0.00581631996,100
640,640,fp32,256,8,3,512>1024>128>256,4,0,0.00552927982,100
640,640,fp32,256,8,3,512>1024>128>256,4,1,0.00546815991,100
640,640,fp32,256,8,3,512>1024>128>256,4,2,0.00546815991,100
640,640,fp32,256,8,3,512>1024>128>256,4,3,0.00547839981,100
640,640,fp32,256,8,3,512>1024>128>256,4,4,0.00546815991,100
640,640,fp32,256,8,3,512>1024>128>256,4,5,0.00547839981,100
640,640,fp32,256,8,3,512>1024>128>256,4,6,0.00546815991,100
640,640,fp32,256,8,3,512>1024>128>256,4,7,0.00548864016,100
640,640,fp32,256,8,3,512>1024>128>256,4,8,0.00549888005,100
640,640,fp32,256,8,3,512>1024>128>256,4,9,0.00547839981,100
640,640,fp32,256,8,3,512>1024>128>256,4,10,0.00546815991,100
640,640,fp32,256,8,3,512>1024>128>256,4,11,0.00547072012,100
640,640,fp32,256,8,3,512>1024>128>256,4,12,0.00547839981,100
640,640,fp32,256,8,3,512>1024>128>256,4,13,0.00546815991,100
640,640,fp32,256,8,3,512>1024>128>256,4,14,0.00546815991,100
640,640,fp32,256,8,3,512>1024>128>256,4,15,0.00547839981,100
640,640,fp32,256,8,3,512>1024>128>256,4,16,0.00546815991,100
640,640,fp32,256,8,3,512>1024>128>256,4,17,0.00548031973,100
640,640,fp32,256,8,3,512>1024>128>256,4,18,0.00547839981,100
640,640,fp32,256,8,3,512>1024>128>256,4,19,0.00550912041,100
640,640,fp32,256,8,3,512>1024>128>256,4,20,0.00548864016,100
640,640,fp32,256,8,3,512>1024>128>256,4,21,0.00547839981,100
640,640,fp32,256,8,3,512>1024>128>256,4,22,0.00546815991,100
640,640,fp32,256,8,3,512>1024>128>256,4,23,0.00547007984,100
640,640,fp32,256,8,3,512>1024>128>256,4,24,0.00547839981,100
640,640,fp32,256,8,3,512>1024>128>256,4,25,0.00545792002,100
640,640,fp32,256,8,3,512>1024>128>256,4,26,0.00547839981,100
640,640,fp32,256,8,3,512>1024>128>256,4,27,0.00546815991,100
640,640,fp32,256,8,3,512>1024>128>256,4,28,0.00546815991,100
640,640,fp32,256,8,3,512>1024>128>256,4,29,0.00547839981,100
640,640,fp32,256,8,3,512>1024>128>256,4,30,0.00547839981,100
640,640,fp32,256,8,3,512>1024>128>256,4,31,0.00547839981,100
640,640,fp32,256,8,3,512>1024>128>256,4,32,0.00549888005,100
640,640,fp32,256,8,3,512>1024>128>256,4,33,0.00547839981,100
640,640,fp32,256,8,3,512>1024>128>256,4,34,0.00547839981,100
640,640,fp32,256,8,3,512>1024>128>256,4,35,0.00545792002,100
640,640,fp32,256,8,3,512>1024>128>256,4,36,0.00546815991,100
640,640,fp32,256,8,3,512>1024>128>256,4,37,0.00546815991,100
640,640,fp32,256,8,3,512>1024>128>256,4,38,0.00547839981,100
640,640,fp32,256,8,3,512>1024>128>256,4,39,0.00546815991,100
640,640,fp32,256,8,3,512>1024>128>256,4,40,0.00546815991,100
640,640,fp32,256,8,3,512>1024>128>256,4,41,0.00546815991,100
640,640,fp32,256,8,3,512>1024>128>256,4,42,0.00547839981,100
640,640,fp32,256,8,3,512>1024>128>256,4,43,0.00546815991,100
640,640,fp32,256,8,3,512>1024>128>256,4,44,0.00549888005,100
640,640,fp32,256,8,3,512>1024>128>256,4,45,0.00546815991,100
640,640,fp32,256,8,3,512>1024>128>256,4,46,0.00548864016,100
640,640,fp32,256,8,3,512>1024>128>256,4,47,0.00548864016,100
640,640,fp32,256,8,3,512>1024>128>256,4,48,0.00546815991,100
640,640,fp32,256,8,3,512>1024>128>256,4,49,0.00548864016,100
640,640,fp32,256,8,3,512>1024>128>256,4,50,0.00546815991,100
640,640,fp32,256,8,3,512>1024>128>256,4,51,0.00548864016,100
640,640,fp32,256,8,3,512>1024>128>256,4,52,0.00550912041,100
640,640,fp32,256,8,3,512>1024>128>256,4,53,0.00550912041,100
640,640,fp32,256,8,3,512>1024>128>256,4,54,0.00550912041,100
640,640,fp32,256,8,3,512>1024>128>256,4,55,0.00550912041,100
640,640,fp32,256,8,3,512>1024>128>256,4,56,0.00548864016,100
640,640,fp32,256,8,3,512>1024>128>256,4,57,0.00548864016,100
640,640,fp32,256,8,3,512>1024>128>256,4,58,0.00547839981,100
640,640,fp32,256,8,3,512>1024>128>256,4,59,0.00549888005,100
640,640,fp32,256,8,3,512>1024>128>256,4,60,0.00550912041,100
640,640,fp32,256,8,3,512>1024>128>256,4,61,0.00549888005,100
640,640,fp32,256,8,3,512>1024>128>256,4,62,0.00551935984,100
640,640,fp32,256,8,3,512>1024>128>256,4,63,0.00550912041,100
640,640,fp32,256,8,3,512>1024>128>256,4,64,0.00548864016,100
640,640,fp32,256,8,3,512>1024>128>256,4,65,0.00550912041,100
640,640,fp32,256,8,3,512>1024>128>256,4,66,0.00548864016,100
640,640,fp32,256,8,3,512>1024>128>256,4,67,0.00550912041,100
640,640,fp32,256,8,3,512>1024>128>256,4,68,0.00549920043,100
640,640,fp32,256,8,3,512>1024>128>256,4,69,0.00549888005,100
640,640,fp32,256,8,3,512>1024>128>256,4,70,0.00549888005,100
640,640,fp32,256,8,3,512>1024>128>256,4,71,0.00550912041,100
640,640,fp32,256,8,3,512>1024>128>256,4,72,0.00549888005,100
640,640,fp32,256,8,3,512>1024>128>256,4,73,0.00550912041,100
640,640,fp32,256,8,3,512>1024>128>256,4,74,0.00550912041,100
640,640,fp32,256,8,3,512>1024>128>256,4,75,0.00550912041,100
640,640,fp32,256,8,3,512>1024>128>256,4,76,0.00549888005,100
640,640,fp32,256,8,3,512>1024>128>256,4,77,0.00549888005,100
640,640,fp32,256,8,3,512>1024>128>256,4,78,0.00548864016,100
640,640,fp32,256,8,3,512>1024>128>256,4,79,0.00550912041,100
640,640,fp32,256,8,3,512>1024>128>256,4,80,0.00549888005,100
640,640,fp32,256,8,3,512>1024>128>256,4,81,0.00551935984,100
640,640,fp32,256,8,3,512>1024>128>256,4,82,0.00550912041,100
640,640,fp32,256,8,3,512>1024>128>256,4,83,0.00550912041,100
640,640,fp32,256,8,3,512>1024>128>256,4,84,0.00550912041,100
640,640,fp32,256,8,3,512>1024>128>256,4,85,0.00551071996,100
640,640,fp32,256,8,3,512>1024>128>256,4,86,0.00549888005,100
640,640,fp32,256,8,3,512>1024>128>256,4,87,0.00548864016,100
640,640,fp32,256,8,3,512>1024>128>256,4,88,0.00564223994,100
640,640,fp32,256,8,3,512>1024>128>256,4,89,0.00569343986,100
640,640,fp32,256,8,3,512>1024>128>256,4,90,0.00570367975,100
640,640,fp32,256,8,3,512>1024>128>256,4,91,0.00569343986,100
640,640,fp32,256,8,3,512>1024>128>256,4,92,0.00568319997,100
640,640,fp32,256,8,3,512>1024>128>256,4,93,0.00569408014,100
640,640,fp32,256,8,3,512>1024>128>256,4,94,0.00568319997,100
640,640,fp32,256,8,3,512>1024>128>256,4,95,0.00567296008,100
640,640,fp32,256,8,3,512>1024>128>256,4,96,0.00569343986,100
640,640,fp32,256,8,3,512>1024>128>256,4,97,0.00569343986,100
640,640,fp32,256,8,3,512>1024>128>256,4,98,0.00569343986,100
640,640,fp32,256,8,3,512>1024>128>256,4,99,0.00569343986,100
640,640,fp32,256,8,3,512>1024>128>256,4,100,0.00570367975,100
640,640,fp32,256,8,3,512>1024>128>256,4,101,0.00568319997,100
640,640,fp32,256,8,3,512>1024>128>256,4,102,0.00569343986,100
640,640,fp32,256,8,3,512>1024>128>256,4,103,0.00570367975,100
640,640,fp32,256,8,3,512>1024>128>256,4,104,0.00569343986,100
640,640,fp32,256,8,3,512>1024>128>256,4,105,0.00567296008,100
640,640,fp32,256,8,3,512>1024>128>256,4,106,0.00570367975,100
640,640,fp32,256,8,3,512>1024>128>256,4,107,0.00570367975,100
640,640,fp32,256,8,3,512>1024>128>256,4,108,0.00570367975,100
640,640,fp32,256,8,3,512>1024>128>256,4,109,0.00570367975,100
640,640,fp32,256,8,3,512>1024>128>256,4,110,0.00568319997,100
640,640,fp32,256,8,3,512>1024>128>256,4,111,0.00569375977,100
640,640,fp32,256,8,3,512>1024>128>256,4,112,0.00568319997,100
640,640,fp32,256,8,3,512>1024>128>256,4,113,0.00570367975,100
640,640,fp32,256,8,3,512>1024>128>256,4,114,0.00570367975,100
640,640,fp32,256,8,3,512>1024>128>256,4,115,0.00568319997,100
640,640,fp32,256,8,3,512>1024>128>256,4,116,0.00569343986,100
640,640,fp32,256,8,3,512>1024>128>256,4,117,0.00570367975,100
640,640,fp32,256,8,3,512>1024>128>256,4,118,0.00570367975,100
640,640,fp32,256,8,3,512>1024>128>256,4,119,0.00569343986,100
640,640,fp32,256,8,3,512>1024>128>256,4,120,0.00570367975,100
640,640,fp32,256,8,3,512>1024>128>256,4,121,0.00570400013,100
640,640,fp32,256,8,3,512>1024>128>256,4,122,0.00569343986,100
640,640,fp32,256,8,3,512>1024>128>256,4,123,0.00571392011,100
640,640,fp32,256,8,3,512>1024>128>256,4,124,0.00574464025,100
640,640,fp32,256,8,3,512>1024>128>256,4,125,0.00573440036,100
640,640,fp32,256,8,3,512>1024>128>256,4,126,0.00573440036,100
640,640,fp32,256,8,3,512>1024>128>256,4,127,0.00574464025,100
640,640,fp32,256,8,3,512>1024>128>256,4,128,0.00573440036,100
640,640,fp32,256,8,3,512>1024>128>256,4,129,0.00573440036,100
640,640,fp32,256,8,3,512>1024>128>256,4,130,0.00573440036,100
640,640,fp32,256,8,3,512>1024>128>256,4,131,0.00574464025,100
640,640,fp32,256,8,3,512>1024>128>256,4,132,0.00574464025,100
640,640,fp32,256,8,3,512>1024>128>256,4,133,0.00573440036,100
640,640,fp32,256,8,3,512>1024>128>256,4,134,0.00574464025,100
640,640,fp32,256,8,3,512>1024>128>256,4,135,0.00575487968,100
640,640,fp32,256,8,3,512>1024>128>256,4,136,0.00574464025,100
640,640,fp32,256,8,3,512>1024>128>256,4,137,0.00572416,100
640,640,fp32,256,8,3,512>1024>128>256,4,138,0.00573440036,100
640,640,fp32,256,8,3,512>1024>128>256,4,139,0.00574464025,100
640,640,fp32,256,8,3,512>1024>128>256,4,140,0.00575487968,100
640,640,fp32,256,8,3,512>1024>128>256,4,141,0.00573440036,100
640,640,fp32,256,8,3,512>1024>128>256,4,142,0.00573440036,100
640,640,fp32,256,8,3,512>1024>128>256,4,143,0.00575487968,100
640,640,fp32,256,8,3,512>1024>128>256,4,144,0.00574559998,100
640,640,fp32,256,8,3,512>1024>128>256,4,145,0.00573440036,100
640,640,fp32,256,8,3,512>1024>128>256,4,146,0.00571392011,100
640,640,fp32,256,8,3,512>1024>128>256,4,147,0.00574464025,100
640,640,fp32,256,8,3,512>1024>128>256,4,148,0.00574464025,100
640,640,fp32,256,8,3,512>1024>128>256,4,149,0.00574464025,100
640,640,fp32,256,8,3,512>1024>128>256,4,150,0.00574464025,100
640,640,fp32,256,8,3,512>1024>128>256,4,151,0.00573440036,100
640,640,fp32,256,8,3,512>1024>128>256,4,152,0.00574464025,100
640,640,fp32,256,8,3,512>1024>128>256,4,153,0.00573440036,100
640,640,fp32,256,8,3,512>1024>128>256,4,154,0.00573440036,100
640,640,fp32,256,8,3,512>1024>128>256,4,155,0.00574464025,100
640,640,fp32,256,8,3,512>1024>128>256,4,156,0.00573535962,100
640,640,fp32,256,8,3,512>1024>128>256,4,157,0.00573440036,100
640,640,fp32,256,8,3,512>1024>128>256,4,158,0.00579680037,100
640,640,fp32,256,8,3,512>1024>128>256,4,159,0.00578559982,100
640,640,fp32,256,8,3,512>1024>128>256,4,160,0.00578559982,100
640,640,fp32,256,8,3,512>1024>128>256,4,161,0.00580608007,100
640,640,fp32,256,8,3,512>1024>128>256,4,162,0.00580608007,100
640,640,fp32,256,8,3,512>1024>128>256,4,163,0.00579584017,100
640,640,fp32,256,8,3,512>1024>128>256,4,164,0.00578559982,100
640,640,fp32,256,8,3,512>1024>128>256,4,165,0.00579584017,100
640,640,fp32,256,8,3,512>1024>128>256,4,166,0.00578559982,100
640,640,fp32,256,8,3,512>1024>128>256,4,167,0.00578751974,100
640,640,fp32,256,8,3,512>1024>128>256,4,168,0.0057977601,100
640,640,fp32,256,8,3,512>1024>128>256,4,169,0.00580608007,100
640,640,fp32,256,8,3,512>1024>128>256,4,170,0.00579584017,100
640,640,fp32,256,8,3,512>1024>128>256,4,171,0.00579584017,100
640,640,fp32,256,8,3,512>1024>128>256,4,172,0.00580672035,100
640,640,fp32,256,8,3,512>1024>128>256,4,173,0.00578688039,100
640,640,fp32,256,8,3,512>1024>128>256,4,174,0.00579584017,100
640,640,fp32,256,8,3,512>1024>128>256,4,175,0.00578559982,100
640,640,fp32,256,8,3,512>1024>128>256,4,176,0.00579584017,100
640,640,fp32,256,8,3,512>1024>128>256,4,177,0.00577535992,100
640,640,fp32,256,8,3,512>1024>128>256,4,178,0.00579584017,100
640,640,fp32,256,8,3,512>1024>128>256,4,179,0.00579584017,100
640,640,fp32,256,8,3,512>1024>128>256,4,180,0.00578559982,100
640,640,fp32,256,8,3,512>1024>128>256,4,181,0.00580608007,100
640,640,fp32,256,8,3,512>1024>128>256,4,182,0.00577632012,100
640,640,fp32,256,8,3,512>1024>128>256,4,183,0.00580608007,100
640,640,fp32,256,8,3,512>1024>128>256,4,184,0.00577535992,100
640,640,fp32,256,8,3,512>1024>128>256,4,185,0.00581631996,100
640,640,fp32,256,8,3,512>1024>128>256,4,186,0.00577535992,100
640,640,fp32,256,8,3,512>1024>128>256,4,187,0.00580608007,100
640,640,fp32,256,8,3,512>1024>128>256,4,188,0.00580608007,100
640,640,fp32,256,8,3,512>1024>128>256,4,189,0.00580608007,100
640,640,fp32,256,8,3,512>1024>128>256,4,190,0.00579584017,100
640,640,fp32,256,8,3,512>1024>128>256,4,191,0.00578559982,100
640,640,fp32,256,8,3,512>1024>128>256,4,192,0.00578559982,100
640,640,fp32,256,8,3,512>1024>128>256,4,193,0.00577567983,100
640,640,fp32,256,8,3,512>1024>128>256,4,194,0.00579584017,100
640,640,fp32,256,8,3,512>1024>128>256,4,195,0.00580608007,100
640,640,fp32,256,8,3,512>1024>128>256,4,196,0.00580608007,100
640,640,fp32,256,8,3,512>1024>128>256,4,197,0.00578559982,100
640,640,fp32,256,8,3,512>1024>128>256,4,198,0.00579680037,100
640,640,fp32,256,8,3,512>1024>128>256,4,199,0.00580608007,100
640,640,fp32,256,8,4,1024>128>256>512,3,0,0.00552959973,100
640,640,fp32,256,8,4,1024>128>256>512,3,1,0.00550912041,100
640,640,fp32,256,8,4,1024>128>256>512,3,2,0.00549888005,100
640,640,fp32,256,8,4,1024>128>256>512,3,3,0.00550912041,100
640,640,fp32,256,8,4,1024>128>256>512,3,4,0.00550912041,100
640,640,fp32,256,8,4,1024>128>256>512,3,5,0.00549888005,100
640,640,fp32,256,8,4,1024>128>256>512,3,6,0.00550912041,100
640,640,fp32,256,8,4,1024>128>256>512,3,7,0.00549888005,100
640,640,fp32,256,8,4,1024>128>256>512,3,8,0.00550912041,100
640,640,fp32,256,8,4,1024>128>256>512,3,9,0.00550079998,100
640,640,fp32,256,8,4,1024>128>256>512,3,10,0.00550912041,100
640,640,fp32,256,8,4,1024>128>256>512,3,11,0.00550912041,100
640,640,fp32,256,8,4,1024>128>256>512,3,12,0.00550912041,100
640,640,fp32,256,8,4,1024>128>256>512,3,13,0.00550912041,100
640,640,fp32,256,8,4,1024>128>256>512,3,14,0.00550912041,100
640,640,fp32,256,8,4,1024>128>256>512,3,15,0.00550912041,100
640,640,fp32,256,8,4,1024>128>256>512,3,16,0.00549888005,100
640,640,fp32,256,8,4,1024>128>256>512,3,17,0.00550912041,100
640,640,fp32,256,8,4,1024>128>256>512,3,18,0.00551935984,100
640,640,fp32,256,8,4,1024>128>256>512,3,19,0.00550912041,100
640,640,fp32,256,8,4,1024>128>256>512,3,20,0.00551935984,100
640,640,fp32,256,8,4,1024>128>256>512,3,21,0.00550912041,100
640,640,fp32,256,8,4,1024>128>256>512,3,22,0.00548864016,100
640,640,fp32,256,8,4,1024>128>256>512,3,23,0.00551935984,100
640,640,fp32,256,8,4,1024>128>256>512,3,24,0.00550912041,100
640,640,fp32,256,8,4,1024>128>256>512,3,25,0.00550111989,100
640,640,fp32,256,8,4,1024>128>256>512,3,26,0.00550912041,100
640,640,fp32,256,8,4,1024>128>256>512,3,27,0.00550912041,100
640,640,fp32,256,8,4,1024>128>256>512,3,28,0.00551071996,100
640,640,fp32,256,8,4,1024>128>256>512,3,29,0.00551935984,100
640,640,fp32,256,8,4,1024>128>256>512,3,30,0.00549888005,100
640,640,fp32,256,8,4,1024>128>256>512,3,31,0.00551935984,100
640,640,fp32,256,8,4,1024>128>256>512,3,32,0.00550912041,100
640,640,fp32,256,8,4,1024>128>256>512,3,33,0.00551136024,100
640,640,fp32,256,8,4,1024>128>256>512,3,34,0.00549888005,100
640,640,fp32,256,8,4,1024>128>256>512,3,35,0.00548864016,100
640,640,fp32,256,8,4,1024>128>256>512,3,36,0.00550912041,100
640,640,fp32,256,8,4,1024>128>256>512,3,37,0.00550912041,100
640,640,fp32,256,8,4,1024>128>256>512,3,38,0.00549888005,100
640,640,fp32,256,8,4,1024>128>256>512,3,39,0.00550912041,100
640,640,fp32,256,8,4,1024>128>256>512,3,40,0.00551935984,100
640,640,fp32,256,8,4,1024>128>256>512,3,41,0.00550912041,100
640,640,fp32,256,8,4,1024>128>256>512,3,42,0.00552959973,100
640,640,fp32,256,8,4,1024>128>256>512,3,43,0.00552959973,100
640,640,fp32,256,8,4,1024>128>256>512,3,44,0.00551935984,100
640,640,fp32,256,8,4,1024>128>256>512,3,45,0.00550912041,100
640,640,fp32,256,8,4,1024>128>256>512,3,46,0.00549888005,100
640,640,fp32,256,8,4,1024>128>256>512,3,47,0.00549888005,100
640,640,fp32,256,8,4,1024>128>256>512,3,48,0.00551935984,100
640,640,fp32,256,8,4,1024>128>256>512,3,49,0.00550912041,100
640,640,fp32,256,8,4,1024>128>256>512,3,50,0.00549888005,100
640,640,fp32,256,8,4,1024>128>256>512,3,51,0.00550912041,100
640,640,fp32,256,8,4,1024>128>256>512,3,52,0.00550912041,100
640,640,fp32,256,8,4,1024>128>256>512,3,53,0.00549888005,100
640,640,fp32,256,8,4,1024>128>256>512,3,54,0.00549888005,100
640,640,fp32,256,8,4,1024>128>256>512,3,55,0.00550912041,100
640,640,fp32,256,8,4,1024>128>256>512,3,56,0.00551007967,100
640,640,fp32,256,8,4,1024>128>256>512,3,57,0.00550912041,100
640,640,fp32,256,8,4,1024>128>256>512,3,58,0.00551935984,100
640,640,fp32,256,8,4,1024>128>256>512,3,59,0.00550912041,100
640,640,fp32,256,8,4,1024>128>256>512,3,60,0.00550912041,100
640,640,fp32,256,8,4,1024>128>256>512,3,61,0.00551935984,100
640,640,fp32,256,8,4,1024>128>256>512,3,62,0.00549888005,100
640,640,fp32,256,8,4,1024>128>256>512,3,63,0.00550912041,100
640,640,fp32,256,8,4,1024>128>256>512,3,64,0.00549888005,100
640,640,fp32,256,8,4,1024>128>256>512,3,65,0.00551935984,100
640,640,fp32,256,8,4,1024>128>256>512,3,66,0.00549888005,100
640,640,fp32,256,8,4,1024>128>256>512,3,67,0.00549888005,100
640,640,fp32,256,8,4,1024>128>256>512,3,68,0.00550912041,100
640,640,fp32,256,8,4,1024>128>256>512,3,69,0.00549888005,100
640,640,fp32,256,8,4,1024>128>256>512,3,70,0.00549888005,100
640,640,fp32,256,8,4,1024>128>256>512,3,71,0.00550079998,100
640,640,fp32,256,8,4,1024>128>256>512,3,72,0.00551935984,100
640,640,fp32,256,8,4,1024>128>256>512,3,73,0.00550912041,100
640,640,fp32,256,8,4,1024>128>256>512,3,74,0.00565248029,100
640,640,fp32,256,8,4,1024>128>256>512,3,75,0.00566272018,100
640,640,fp32,256,8,4,1024>128>256>512,3,76,0.00566272018,100
640,640,fp32,256,8,4,1024>128>256>512,3,77,0.00565248029,100
640,640,fp32,256,8,4,1024>128>256>512,3,78,0.00567296008,100
640,640,fp32,256,8,4,1024>128>256>512,3,79,0.00566272018,100
640,640,fp32,256,8,4,1024>128>256>512,3,80,0.00567296008,100
640,640,fp32,256,8,4,1024>128>256>512,3,81,0.00564447977,100
640,640,fp32,256,8,4,1024>128>256>512,3,82,0.00567296008,100
640,640,fp32,256,8,4,1024>128>256>512,3,83,0.00565248029,100
640,640,fp32,256,8,4,1024>128>256>512,3,84,0.00565248029,100
640,640,fp32,256,8,4,1024>128>256>512,3,85,0.00567296008,100
640,640,fp32,256,8,4,1024>128>256>512,3,86,0.00567296008,100
640,640,fp32,256,8,4,1024>128>256>512,3,87,0.00565248029,100
640,640,fp32,256,8,4,1024>128>256>512,3,88,0.00563200004,100
640,640,fp32,256,8,4,1024>128>256>512,3,89,0.00567296008,100
640,640,fp32,256,8,4,1024>128>256>512,3,90,0.00566272018,100
640,640,fp32,256,8,4,1024>128>256>512,3,91,0.00565248029,100
640,640,fp32,256,8,4,1024>128>256>512,3,92,0.00567296008,100
640,640,fp32,256,8,4,1024>128>256>512,3,93,0.00566272018,100
640,640,fp32,256,8,4,1024>128>256>512,3,94,0.00567296008,100
640,640,fp32,256,8,4,1024>128>256>512,3,95,0.00567296008,100
640,640,fp32,256,8,4,1024>128>256>512,3,96,0.00565407984,100
640,640,fp32,256,8,4,1024>128>256>512,3,97,0.00566272018,100
640,640,fp32,256,8,4,1024>128>256>512,3,98,0.00565407984,100
640,640,fp32,256,8,4,1024>128>256>512,3,99,0.00567296008,100
640,640,fp32,256,8,4,1024>128>256>512,3,100,0.00567296008,100
640,640,fp32,256,8,4,1024>128>256>512,3,101,0.00566272018,100
640,640,fp32,256,8,4,1024>128>256>512,3,102,0.00566272018,100
640,640,fp32,256,8,4,1024>128>256>512,3,103,0.00566272018,100
640,640,fp32,256,8,4,1024>128>256>512,3,104,0.00566272018,100
640,640,fp32,256,8,4,1024>128>256>512,3,105,0.00567296008,100
640,640,fp32,256,8,4,1024>128>256>512,3,106,0.00565248029,100
640,640,fp32,256,8,4,1024>128>256>512,3,107,0.00568319997,100
640,640,fp32,256,8,4,1024>128>256>512,3,108,0.00566272018,100
640,640,fp32,256,8,4,1024>128>256>512,3,109,0.00575487968,100
640,640,fp32,256,8,4,1024>128>256>512,3,110,0.00576511957,100
640,640,fp32,256,8,4,1024>128>256>512,3,111,0.00576511957,100
640,640,fp32,256,8,4,1024>128>256>512,3,112,0.00577535992,100
640,640,fp32,256,8,4,1024>128>256>512,3,113,0.00577535992,100
640,640,fp32,256,8,4,1024>128>256>512,3,114,0.00577535992,100
640,640,fp32,256,8,4,1024>128>256>512,3,115,0.00577535992,100
640,640,fp32,256,8,4,1024>128>256>512,3,116,0.00577535992,100
640,640,fp32,256,8,4,1024>128>256>512,3,117,0.00577535992,100
640,640,fp32,256,8,4,1024>128>256>512,3,118,0.00578559982,100
640,640,fp32,256,8,4,1024>128>256>512,3,119,0.00580608007,100
640,640,fp32,256,8,4,1024>128>256>512,3,120,0.00579584017,100
640,640,fp32,256,8,4,1024>128>256>512,3,121,0.00579584017,100
640,640,fp32,256,8,4,1024>128>256>512,3,122,0.00577535992,100
640,640,fp32,256,8,4,1024>128>256>512,3,123,0.00578656001,100
640,640,fp32,256,8,4,1024>128>256>512,3,124,0.00579743972,100
640,640,fp32,256,8,4,1024>128>256>512,3,125,0.00577535992,100
640,640,fp32,256,8,4,1024>128>256>512,3,126,0.00579584017,100
640,640,fp32,256,8,4,1024>128>256>512,3,127,0.00577535992,100
640,640,fp32,256,8,4,1024>128>256>512,3,128,0.00579584017,100
640,640,fp32,256,8,4,1024>128>256>512,3,129,0.00577535992,100
640,640,fp32,256,8,4,1024>128>256>512,3,130,0.00578559982,100
640,640,fp32,256,8,4,1024>128>256>512,3,131,0.00577535992,100
640,640,fp32,256,8,4,1024>128>256>512,3,132,0.00578559982,100
640,640,fp32,256,8,4,1024>128>256>512,3,133,0.00579584017,100
640,640,fp32,256,8,4,1024>128>256>512,3,134,0.00578559982,100
640,640,fp32,256,8,4,1024>128>256>512,3,135,0.00578559982,100
640,640,fp32,256,8,4,1024>128>256>512,3,136,0.00579584017,100
640,640,fp32,256,8,4,1024>128>256>512,3,137,0.00579647999,100
640,640,fp32,256,8,4,1024>128>256>512,3,138,0.00578559982,100
640,640,fp32,256,8,4,1024>128>256>512,3,139,0.00579584017,100
640,640,fp32,256,8,4,1024>128>256>512,3,140,0.00578559982,100
640,640,fp32,256,8,4,1024>128>256>512,3,141,0.00579584017,100
640,640,fp32,256,8,4,1024>128>256>512,3,142,0.00579584017,100
640,640,fp32,256,8,4,1024>128>256>512,3,143,0.00580608007,100
640,640,fp32,256,8,4,1024>128>256>512,3,144,0.00584703963,100
640,640,fp32,256,8,4,1024>128>256>512,3,145,0.00585727999,100
640,640,fp32,256,8,4,1024>128>256>512,3,146,0.00582656031,100
640,640,fp32,256,8,4,1024>128>256>512,3,147,0.00583679974,100
640,640,fp32,256,8,4,1024>128>256>512,3,148,0.00583679974,100
640,640,fp32,256,8,4,1024>128>256>512,3,149,0.00584703963,100
640,640,fp32,256,8,4,1024>128>256>512,3,150,0.00584703963,100
640,640,fp32,256,8,4,1024>128>256>512,3,151,0.00585727999,100
640,640,fp32,256,8,4,1024>128>256>512,3,152,0.00583807984,100
640,640,fp32,256,8,4,1024>128>256>512,3,153,0.00583679974,100
640,640,fp32,256,8,4,1024>128>256>512,3,154,0.00584703963,100
640,640,fp32,256,8,4,1024>128>256>512,3,155,0.00584703963,100
640,640,fp32,256,8,4,1024>128>256>512,3,156,0.00585727999,100
640,640,fp32,256,8,4,1024>128>256>512,3,157,0.00584864011,100
640,640,fp32,256,8,4,1024>128>256>512,3,158,0.00583679974,100
640,640,fp32,256,8,4,1024>128>256>512,3,159,0.00585727999,100
640,640,fp32,256,8,4,1024>128>256>512,3,160,0.00584703963,100
640,640,fp32,256,8,4,1024>128>256>512,3,161,0.00584703963,100
640,640,fp32,256,8,4,1024>128>256>512,3,162,0.00584703963,100
640,640,fp32,256,8,4,1024>128>256>512,3,163,0.00584864011,100
640,640,fp32,256,8,4,1024>128>256>512,3,164,0.00584703963,100
640,640,fp32,256,8,4,1024>128>256>512,3,165,0.00585727999,100
640,640,fp32,256,8,4,1024>128>256>512,3,166,0.00585727999,100
640,640,fp32,256,8,4,1024>128>256>512,3,167,0.00582656031,100
640,640,fp32,256,8,4,1024>128>256>512,3,168,0.00584703963,100
640,640,fp32,256,8,4,1024>128>256>512,3,169,0.00585727999,100
640,640,fp32,256,8,4,1024>128>256>512,3,170,0.00583679974,100
640,640,fp32,256,8,4,1024>128>256>512,3,171,0.00586751988,100
640,640,fp32,256,8,4,1024>128>256>512,3,172,0.00583679974,100
640,640,fp32,256,8,4,1024>128>256>512,3,173,0.00583679974,100
640,640,fp32,256,8,4,1024>128>256>512,3,174,0.00583679974,100
640,640,fp32,256,8,4,1024>128>256>512,3,175,0.00585727999,100
640,640,fp32,256,8,4,1024>128>256>512,3,176,0.00584703963,100
640,640,fp32,256,8,4,1024>128>256>512,3,177,0.00585727999,100
640,640,fp32,256,8,4,1024>128>256>512,3,178,0.00584703963,100
640,640,fp32,256,8,4,1024>128>256>512,3,179,0.00583679974,100
640,640,fp32,256,8,4,1024>128>256>512,3,180,0.00585727999,100
640,640,fp32,256,8,4,1024>128>256>512,3,181,0.00584703963,100
640,640,fp32,256,8,4,1024>128>256>512,3,182,0.00584703963,100
640,640,fp32,256,8,4,1024>128>256>512,3,183,0.00584703963,100
640,640,fp32,256,8,4,1024>128>256>512,3,184,0.00584703963,100
640,640,fp32,256,8,4,1024>128>256>512,3,185,0.00585727999,100
640,640,fp32,256,8,4,1024>128>256>512,3,186,0.00584703963,100
640,640,fp32,256,8,4,1024>128>256>512,3,187,0.00582656031,100
640,640,fp32,256,8,4,1024>128>256>512,3,188,0.00584703963,100
640,640,fp32,256,8,4,1024>128>256>512,3,189,0.00584767992,100
640,640,fp32,256,8,4,1024>128>256>512,3,190,0.00584703963,100
640,640,fp32,256,8,4,1024>128>256>512,3,191,0.00585951982,100
640,640,fp32,256,8,4,1024>128>256>512,3,192,0.00585727999,100
640,640,fp32,256,8,4,1024>128>256>512,3,193,0.00585888047,100
640,640,fp32,256,8,4,1024>128>256>512,3,194,0.00584703963,100
640,640,fp32,256,8,4,1024>128>256>512,3,195,0.00585727999,100
640,640,fp32,256,8,4,1024>128>256>512,3,196,0.00582656031,100
640,640,fp32,256,8,4,1024>128>256>512,3,197,0.00583744003,100
640,640,fp32,256,8,4,1024>128>256>512,3,198,0.00584703963,100
640,640,fp32,256,8,4,1024>128>256>512,3,199,0.00583679974,100
640,640,fp32,512,16,1,128>256>512>1024,3,0,0.00546688028,100
640,640,fp32,512,16,1,128>256>512>1024,3,1,0.00542976009,100
640,640,fp32,512,16,1,128>256>512>1024,3,2,0.00544767966,100
640,640,fp32,512,16,1,128>256>512>1024,3,3,0.00543744024,100
640,640,fp32,512,16,1,128>256>512>1024,3,4,0.00543744024,100
640,640,fp32,512,16,1,128>256>512>1024,3,5,0.00543744024,100
640,640,fp32,512,16,1,128>256>512>1024,3,6,0.00544767966,100
640,640,fp32,512,16,1,128>256>512>1024,3,7,0.00544767966,100
640,640,fp32,512,16,1,128>256>512>1024,3,8,0.00542720035,100
640,640,fp32,512,16,1,128>256>512>1024,3,9,0.00542720035,100
640,640,fp32,512,16,1,128>256>512>1024,3,10,0.00543744024,100
640,640,fp32,512,16,1,128>256>512>1024,3,11,0.00542720035,100
640,640,fp32,512,16,1,128>256>512>1024,3,12,0.00543744024,100
640,640,fp32,512,16,1,128>256>512>1024,3,13,0.00544767966,100
640,640,fp32,512,16,1,128>256>512>1024,3,14,0.00543744024,100
640,640,fp32,512,16,1,128>256>512>1024,3,15,0.00543871988,100
640,640,fp32,512,16,1,128>256>512>1024,3,16,0.00543744024,100
640,640,fp32,512,16,1,128>256>512>1024,3,17,0.00543744024,100
640,640,fp32,512,16,1,128>256>512>1024,3,18,0.00543744024,100
640,640,fp32,512,16,1,128>256>512>1024,3,19,0.00543744024,100
640,640,fp32,512,16,1,128>256>512>1024,3,20,0.00543744024,100
640,640,fp32,512,16,1,128>256>512>1024,3,21,0.00546815991,100
640,640,fp32,512,16,1,128>256>512>1024,3,22,0.00543744024,100
640,640,fp32,512,16,1,128>256>512>1024,3,23,0.00542720035,100
640,640,fp32,512,16,1,128>256>512>1024,3,24,0.00544767966,100
640,640,fp32,512,16,1,128>256>512>1024,3,25,0.00542879989,100
640,640,fp32,512,16,1,128>256>512>1024,3,26,0.00544767966,100
640,640,fp32,512,16,1,128>256>512>1024,3,27,0.00543744024,100
640,640,fp32,512,16,1,128>256>512>1024,3,28,0.00544767966,100
640,640,fp32,512,16,1,128>256>512>1024,3,29,0.00544767966,100
640,640,fp32,512,16,1,128>256>512>1024,3,30,0.00543744024,100
640,640,fp32,512,16,1,128>256>512>1024,3,31,0.00542720035,100
640,640,fp32,512,16,1,128>256>512>1024,3,32,0.00542720035,100
640,640,fp32,512,16,1,128>256>512>1024,3,33,0.00543744024,100
640,640,fp32,512,16,1,128>256>512>1024,3,34,0.00543744024,100
640,640,fp32,512,16,1,128>256>512>1024,3,35,0.00543744024,100
640,640,fp32,512,16,1,128>256>512>1024,3,36,0.00541695999,100
640,640,fp32,512,16,1,128>256>512>1024,3,37,0.00543744024,100
640,640,fp32,512,16,1,128>256>512>1024,3,38,0.00544000044,100
640,640,fp32,512,16,1,128>256>512>1024,3,39,0.00543744024,100
640,640,fp32,512,16,1,128>256>512>1024,3,40,0.00543744024,100
640,640,fp32,512,16,1,128>256>512>1024,3,41,0.00544767966,100
640,640,fp32,512,16,1,128>256>512>1024,3,42,0.00544767966,100
640,640,fp32,512,16,1,128>256>512>1024,3,43,0.00543744024,100
640,640,fp32,512,16,1,128>256>512>1024,3,44,0.00542720035,100
640,640,fp32,512,16,1,128>256>512>1024,3,45,0.00543744024,100
640,640,fp32,512,16,1,128>256>512>1024,3,46,0.00543744024,100
640,640,fp32,512,16,1,128>256>512>1024,3,47,0.00543744024,100
640,640,fp32,512,16,1,128>256>512>1024,3,48,0.00543744024,100
640,640,fp32,512,16,1,128>256>512>1024,3,49,0.00544767966,100
640,640,fp32,512,16,1,128>256>512>1024,3,50,0.00542720035,100
640,640,fp32,512,16,1,128>256>512>1024,3,51,0.00544767966,100
640,640,fp32,512,16,1,128>256>512>1024,3,52,0.00543744024,100
640,640,fp32,512,16,1,128>256>512>1024,3,53,0.00544767966,100
640,640,fp32,512,16,1,128>256>512>1024,3,54,0.00545792002,100
640,640,fp32,512,16,1,128>256>512>1024,3,55,0.00542720035,100
640,640,fp32,512,16,1,128>256>512>1024,3,56,0.00543744024,100
640,640,fp32,512,16,1,128>256>512>1024,3,57,0.00544767966,100
640,640,fp32,512,16,1,128>256>512>1024,3,58,0.00543744024,100
640,640,fp32,512,16,1,128>256>512>1024,3,59,0.00542720035,100
640,640,fp32,512,16,1,128>256>512>1024,3,60,0.00544767966,100
640,640,fp32,512,16,1,128>256>512>1024,3,61,0.00543744024,100
640,640,fp32,512,16,1,128>256>512>1024,3,62,0.00547839981,100
640,640,fp32,512,16,1,128>256>512>1024,3,63,0.00551935984,100
640,640,fp32,512,16,1,128>256>512>1024,3,64,0.00551935984,100
640,640,fp32,512,16,1,128>256>512>1024,3,65,0.00551935984,100
640,640,fp32,512,16,1,128>256>512>1024,3,66,0.00550912041,100
640,640,fp32,512,16,1,128>256>512>1024,3,67,0.00550912041,100
640,640,fp32,512,16,1,128>256>512>1024,3,68,0.00550912041,100
640,640,fp32,512,16,1,128>256>512>1024,3,69,0.00550912041,100
640,640,fp32,512,16,1,128>256>512>1024,3,70,0.00550912041,100
640,640,fp32,512,16,1,128>256>512>1024,3,71,0.00551935984,100
640,640,fp32,512,16,1,128>256>512>1024,3,72,0.00550912041,100
640,640,fp32,512,16,1,128>256>512>1024,3,73,0.00550912041,100
640,640,fp32,512,16,1,128>256>512>1024,3,74,0.00549888005,100
640,640,fp32,512,16,1,128>256>512>1024,3,75,0.00550912041,100
640,640,fp32,512,16,1,128>256>512>1024,3,76,0.00550912041,100
640,640,fp32,512,16,1,128>256>512>1024,3,77,0.00550912041,100
640,640,fp32,512,16,1,128>256>512>1024,3,78,0.00551935984,100
640,640,fp32,512,16,1,128>256>512>1024,3,79,0.00550912041,100
640,640,fp32,512,16,1,128>256>512>1024,3,80,0.00550912041,100
640,640,fp32,512,16,1,128>256>512>1024,3,81,0.00549888005,100
640,640,fp32,512,16,1,128>256>512>1024,3,82,0.00551935984,100
640,640,fp32,512,16,1,128>256>512>1024,3,83,0.00548864016,100
640,640,fp32,512,16,1,128>256>512>1024,3,84,0.00550144026,100
640,640,fp32,512,16,1,128>256>512>1024,3,85,0.00551935984,100
640,640,fp32,512,16,1,128>256>512>1024,3,86,0.00549888005,100
640,640,fp32,512,16,1,128>256>512>1024,3,87,0.00549888005,100
640,640,fp32,512,16,1,128>256>512>1024,3,88,0.00551935984,100
640,640,fp32,512,16,1,128>256>512>1024,3,89,0.00550912041,100
640,640,fp32,512,16,1,128>256>512>1024,3,90,0.00551935984,100
640,640,fp32,512,16,1,128>256>512>1024,3,91,0.00549888005,100
640,640,fp32,512,16,1,128>256>512>1024,3,92,0.00550912041,100
640,640,fp32,512,16,1,128>256>512>1024,3,93,0.00550912041,100
640,640,fp32,512,16,1,128>256>512>1024,3,94,0.00549888005,100
640,640,fp32,512,16,1,128>256>512>1024,3,95,0.00551935984,100
640,640,fp32,512,16,1,128>256>512>1024,3,96,0.00550912041,100
640,640,fp32,512,16,1,128>256>512>1024,3,97,0.00550912041,100
640,640,fp32,512,16,1,128>256>512>1024,3,98,0.00549888005,100
640,640,fp32,512,16,1,128>256>512>1024,3,99,0.00563200004,100
640,640,fp32,512,16,1,128>256>512>1024,3,100,0.00567296008,100
640,640,fp32,512,16,1,128>256>512>1024,3,101,0.00566272018,100
640,640,fp32,512,16,1,128>256>512>1024,3,102,0.00567296008,100
640,640,fp32,512,16,1,128>256>512>1024,3,103,0.00566272018,100
640,640,fp32,512,16,1,128>256>512>1024,3,104,0.00565248029,100
640,640,fp32,512,16,1,128>256>512>1024,3,105,0.00564223994,100
640,640,fp32,512,16,1,128>256>512>1024,3,106,0.00565248029,100
640,640,fp32,512,16,1,128>256>512>1024,3,107,0.00566272018,100
640,640,fp32,512,16,1,128>256>512>1024,3,108,0.00565248029,100
640,640,fp32,512,16,1,128>256>512>1024,3,109,0.00565248029,100
640,640,fp32,512,16,1,128>256>512>1024,3,110,0.00565248029,100
640,640,fp32,512,16,1,128>256>512>1024,3,111,0.00566272018,100
640,640,fp32,512,16,1,128>256>512>1024,3,112,0.00566272018,100
640,640,fp32,512,16,1,128>256>512>1024,3,113,0.00566272018,100
640,640,fp32,512,16,1,128>256>512>1024,3,114,0.00566272018,100
640,640,fp32,512,16,1,128>256>512>1024,3,115,0.00566272018,100
640,640,fp32,512,16,1,128>256>512>1024,3,116,0.00566272018,100
640,640,fp32,512,16,1,128>256>512>1024,3,117,0.00565248029,100
640,640,fp32,512,16,1,128>256>512>1024,3,118,0.00563200004,100
640,640,fp32,512,16,1,128>256>512>1024,3,119,0.00566335954,100
640,640,fp32,512,16,1,128>256>512>1024,3,120,0.00565248029,100
640,640,fp32,512,16,1,128>256>512>1024,3,121,0.00565248029,100
640,640,fp32,512,16,1,128>256>512>1024,3,122,0.00567296008,100
640,640,fp32,512,16,1,128>256>512>1024,3,123,0.00565472012,100
640,640,fp32,512,16,1,128>256>512>1024,3,124,0.00565248029,100
640,640,fp32,512,16,1,128>256>512>1024,3,125,0.00567296008,100
640,640,fp32,512,16,1,128>256>512>1024,3,126,0.00566272018,100
640,640,fp32,512,16,1,128>256>512>1024,3,127,0.00565248029,100
640,640,fp32,512,16,1,128>256>512>1024,3,128,0.00566272018,100
640,640,fp32,512,16,1,128>256>512>1024,3,129,0.00565248029,100
640,640,fp32,512,16,1,128>256>512>1024,3,130,0.00564223994,100
640,640,fp32,512,16,1,128>256>512>1024,3,131,0.00565248029,100
640,640,fp32,512,16,1,128>256>512>1024,3,132,0.00565248029,100
640,640,fp32,512,16,1,128>256>512>1024,3,133,0.00565248029,100
640,640,fp32,512,16,1,128>256>512>1024,3,134,0.00566272018,100
640,640,fp32,512,16,1,128>256>512>1024,3,135,0.00577535992,100
640,640,fp32,512,16,1,128>256>512>1024,3,136,0.00576511957,100
640,640,fp32,512,16,1,128>256>512>1024,3,137,0.00576511957,100
640,640,fp32,512,16,1,128>256>512>1024,3,138,0.00576511957,100
640,640,fp32,512,16,1,128>256>512>1024,3,139,0.00574656017,100
640,640,fp32,512,16,1,128>256>512>1024,3,140,0.00576511957,100
640,640,fp32,512,16,1,128>256>512>1024,3,141,0.00577600021,100
640,640,fp32,512,16,1,128>256>512>1024,3,142,0.00576511957,100
640,640,fp32,512,16,1,128>256>512>1024,3,143,0.00576511957,100
640,640,fp32,512,16,1,128>256>512>1024,3,144,0.00576511957,100
640,640,fp32,512,16,1,128>256>512>1024,3,145,0.00574720046,100
640,640,fp32,512,16,1,128>256>512>1024,3,146,0.00577535992,100
640,640,fp32,512,16,1,128>256>512>1024,3,147,0.00575551996,100
640,640,fp32,512,16,1,128>256>512>1024,3,148,0.00576511957,100
640,640,fp32,512,16,1,128>256>512>1024,3,149,0.00574464025,100
640,640,fp32,512,16,1,128>256>512>1024,3,150,0.00577535992,100
640,640,fp32,512,16,1,128>256>512>1024,3,151,0.00575487968,100
640,640,fp32,512,16,1,128>256>512>1024,3,152,0.00576511957,100
640,640,fp32,512,16,1,128>256>512>1024,3,153,0.00577535992,100
640,640,fp32,512,16,1,128>256>512>1024,3,154,0.00576511957,100
640,640,fp32,512,16,1,128>256>512>1024,3,155,0.00575487968,100
640,640,fp32,512,16,1,128>256>512>1024,3,156,0.00576511957,100
640,640,fp32,512,16,1,128>256>512>1024,3,157,0.00576511957,100
640,640,fp32,512,16,1,128>256>512>1024,3,158,0.00575487968,100
640,640,fp32,512,16,1,128>256>512>1024,3,159,0.00576511957,100
640,640,fp32,512,16,1,128>256>512>1024,3,160,0.00575487968,100
640,640,fp32,512,16,1,128>256>512>1024,3,161,0.00575487968,100
640,640,fp32,512,16,1,128>256>512>1024,3,162,0.00575487968,100
640,640,fp32,512,16,1,128>256>512>1024,3,163,0.00576511957,100
640,640,fp32,512,16,1,128>256>512>1024,3,164,0.00576511957,100
640,640,fp32,512,16,1,128>256>512>1024,3,165,0.00576511957,100
640,640,fp32,512,16,1,128>256>512>1024,3,166,0.00577535992,100
640,640,fp32,512,16,1,128>256>512>1024,3,167,0.00576511957,100
640,640,fp32,512,16,1,128>256>512>1024,3,168,0.00576511957,100
640,640,fp32,512,16,1,128>256>512>1024,3,169,0.00576511957,100
640,640,fp32,512,16,1,128>256>512>1024,3,170,0.00575487968,100
640,640,fp32,512,16,1,128>256>512>1024,3,171,0.00575487968,100
640,640,fp32,512,16,1,128>256>512>1024,3,172,0.00575487968,100
640,640,fp32,512,16,1,128>256>512>1024,3,173,0.00574464025,100
640,640,fp32,512,16,1,128>256>512>1024,3,174,0.00575487968,100
640,640,fp32,512,16,1,128>256>512>1024,3,175,0.00575487968,100
640,640,fp32,512,16,1,128>256>512>1024,3,176,0.00575487968,100
640,640,fp32,512,16,1,128>256>512>1024,3,177,0.00574464025,100
640,640,fp32,512,16,1,128>256>512>1024,3,178,0.00575487968,100
640,640,fp32,512,16,1,128>256>512>1024,3,179,0.00576511957,100
640,640,fp32,512,16,1,128>256>512>1024,3,180,0.00576511957,100
640,640,fp32,512,16,1,128>256>512>1024,3,181,0.00576511957,100
640,640,fp32,512,16,1,128>256>512>1024,3,182,0.00576511957,100
640,640,fp32,512,16,1,128>256>512>1024,3,183,0.00577535992,100
640,640,fp32,512,16,1,128>256>512>1024,3,184,0.00575583987,100
640,640,fp32,512,16,1,128>256>512>1024,3,185,0.00575487968,100
640,640,fp32,512,16,1,128>256>512>1024,3,186,0.00575487968,100
640,640,fp32,512,16,1,128>256>512>1024,3,187,0.00576511957,100
640,640,fp32,512,16,1,128>256>512>1024,3,188,0.00576704042,100
640,640,fp32,512,16,1,128>256>512>1024,3,189,0.00575487968,100
640,640,fp32,512,16,1,128>256>512>1024,3,190,0.00575487968,100
640,640,fp32,512,16,1,128>256>512>1024,3,191,0.00574464025,100
640,640,fp32,512,16,1,128>256>512>1024,3,192,0.00575487968,100
640,640,fp32,512,16,1,128>256>512>1024,3,193,0.00576511957,100
640,640,fp32,512,16,1,128>256>512>1024,3,194,0.00575487968,100
640,640,fp32,512,16,1,128>256>512>1024,3,195,0.00576511957,100
640,640,fp32,512,16,1,128>256>512>1024,3,196,0.00576543994,100
640,640,fp32,512,16,1,128>256>512>1024,3,197,0.00575487968,100
640,640,fp32,512,16,1,128>256>512>1024,3,198,0.00577535992,100
640,640,fp32,512,16,1,128>256>512>1024,3,199,0.00578559982,100
640,640,fp32,512,16,2,256>512>1024>128,2,0,0.00545792002,100
640,640,fp32,512,16,2,256>512>1024>128,2,1,0.00541695999,100
640,640,fp32,512,16,2,256>512>1024>128,2,2,0.00542720035,100
640,640,fp32,512,16,2,256>512>1024>128,2,3,0.00544767966,100
640,640,fp32,512,16,2,256>512>1024>128,2,4,0.00543839997,100
640,640,fp32,512,16,2,256>512>1024>128,2,5,0.00542720035,100
640,640,fp32,512,16,2,256>512>1024>128,2,6,0.00542720035,100
640,640,fp32,512,16,2,256>512>1024>128,2,7,0.00542720035,100
640,640,fp32,512,16,2,256>512>1024>128,2,8,0.00542720035,100
640,640,fp32,512,16,2,256>512>1024>128,2,9,0.00543744024,100
640,640,fp32,512,16,2,256>512>1024>128,2,10,0.00544767966,100
640,640,fp32,512,16,2,256>512>1024>128,2,11,0.00543968007,100
640,640,fp32,512,16,2,256>512>1024>128,2,12,0.00543744024,100
640,640,fp32,512,16,2,256>512>1024>128,2,13,0.00544767966,100
640,640,fp32,512,16,2,256>512>1024>128,2,14,0.00542720035,100
640,640,fp32,512,16,2,256>512>1024>128,2,15,0.00544767966,100
640,640,fp32,512,16,2,256>512>1024>128,2,16,0.00543744024,100
640,640,fp32,512,16,2,256>512>1024>128,2,17,0.00544767966,100
640,640,fp32,512,16,2,256>512>1024>128,2,18,0.00542720035,100
640,640,fp32,512,16,2,256>512>1024>128,2,19,0.00543744024,100
640,640,fp32,512,16,2,256>512>1024>128,2,20,0.00542720035,100
640,640,fp32,512,16,2,256>512>1024>128,2,21,0.00542720035,100
640,640,fp32,512,16,2,256>512>1024>128,2,22,0.00541695999,100
640,640,fp32,512,16,2,256>512>1024>128,2,23,0.00543744024,100
640,640,fp32,512,16,2,256>512>1024>128,2,24,0.00542720035,100
640,640,fp32,512,16,2,256>512>1024>128,2,25,0.00542720035,100
640,640,fp32,512,16,2,256>512>1024>128,2,26,0.00543808006,100
640,640,fp32,512,16,2,256>512>1024>128,2,27,0.00543744024,100
640,640,fp32,512,16,2,256>512>1024>128,2,28,0.00543744024,100
640,640,fp32,512,16,2,256>512>1024>128,2,29,0.00543744024,100
640,640,fp32,512,16,2,256>512>1024>128,2,30,0.00543744024,100
640,640,fp32,512,16,2,256>512>1024>128,2,31,0.00541695999,100
640,640,fp32,512,16,2,256>512>1024>128,2,32,0.00542752026,100
640,640,fp32,512,16,2,256>512>1024>128,2,33,0.00542720035,100
640,640,fp32,512,16,2,256>512>1024>128,2,34,0.00543744024,100
640,640,fp32,512,16,2,256>512>1024>128,2,35,0.00543744024,100
640,640,fp32,512,16,2,256>512>1024>128,2,36,0.00542720035,100
640,640,fp32,512,16,2,256>512>1024>128,2,37,0.00541695999,100
640,640,fp32,512,16,2,256>512>1024>128,2,38,0.00543744024,100
640,640,fp32,512,16,2,256>512>1024>128,2,39,0.00542720035,100
640,640,fp32,512,16,2,256>512>1024>128,2,40,0.00543808006,100
640,640,fp32,512,16,2,256>512>1024>128,2,41,0.00543744024,100
640,640,fp32,512,16,2,256>512>1024>128,2,42,0.00542720035,100
640,640,fp32,512,16,2,256>512>1024>128,2,43,0.00542720035,100
640,640,fp32,512,16,2,256>512>1024>128,2,44,0.00542720035,100
640,640,fp32,512,16,2,256>512>1024>128,2,45,0.00542720035,100
640,640,fp32,512,16,2,256>512>1024>128,2,46,0.00543744024,100
640,640,fp32,512,16,2,256>512>1024>128,2,47,0.00543744024,100
640,640,fp32,512,16,2,256>512>1024>128,2,48,0.00543744024,100
640,640,fp32,512,16,2,256>512>1024>128,2,49,0.00542720035,100
640,640,fp32,512,16,2,256>512>1024>128,2,50,0.00542847998,100
640,640,fp32,512,16,2,256>512>1024>128,2,51,0.00541791972,100
640,640,fp32,512,16,2,256>512>1024>128,2,52,0.00543744024,100
640,640,fp32,512,16,2,256>512>1024>128,2,53,0.00543744024,100
640,640,fp32,512,16,2,256>512>1024>128,2,54,0.00542720035,100
640,640,fp32,512,16,2,256>512>1024>128,2,55,0.00542720035,100
640,640,fp32,512,16,2,256>512>1024>128,2,56,0.00544767966,100
640,640,fp32,512,16,2,256>512>1024>128,2,57,0.00542720035,100
640,640,fp32,512,16,2,256>512>1024>128,2,58,0.00543744024,100
640,640,fp32,512,16,2,256>512>1024>128,2,59,0.00542720035,100
640,640,fp32,512,16,2,256>512>1024>128,2,60,0.00544767966,100
640,640,fp32,512,16,2,256>512>1024>128,2,61,0.00543744024,100
640,640,fp32,512,16,2,256>512>1024>128,2,62,0.00543744024,100
640,640,fp32,512,16,2,256>512>1024>128,2,63,0.00542720035,100
640,640,fp32,512,16,2,256>512>1024>128,2,64,0.00543744024,100
640,640,fp32,512,16,2,256>512>1024>128,2,65,0.00543744024,100
640,640,fp32,512,16,2,256>512>1024>128,2,66,0.00542720035,100
640,640,fp32,512,16,2,256>512>1024>128,2,67,0.00543744024,100
640,640,fp32,512,16,2,256>512>1024>128,2,68,0.00542879989,100
640,640,fp32,512,16,2,256>512>1024>128,2,69,0.00543744024,100
640,640,fp32,512,16,2,256>512>1024>128,2,70,0.00542720035,100
640,640,fp32,512,16,2,256>512>1024>128,2,71,0.00544767966,100
640,640,fp32,512,16,2,256>512>1024>128,2,72,0.00543744024,100
640,640,fp32,512,16,2,256>512>1024>128,2,73,0.00543744024,100
640,640,fp32,512,16,2,256>512>1024>128,2,74,0.00543744024,100
640,640,fp32,512,16,2,256>512>1024>128,2,75,0.00542720035,100
640,640,fp32,512,16,2,256>512>1024>128,2,76,0.00544767966,100
640,640,fp32,512,16,2,256>512>1024>128,2,77,0.00541760027,100
640,640,fp32,512,16,2,256>512>1024>128,2,78,0.00542720035,100
640,640,fp32,512,16,2,256>512>1024>128,2,79,0.00542720035,100
640,640,fp32,512,16,2,256>512>1024>128,2,80,0.00541695999,100
640,640,fp32,512,16,2,256>512>1024>128,2,81,0.00544928014,100
640,640,fp32,512,16,2,256>512>1024>128,2,82,0.00544767966,100
640,640,fp32,512,16,2,256>512>1024>128,2,83,0.00541695999,100
640,640,fp32,512,16,2,256>512>1024>128,2,84,0.00562175969,100
640,640,fp32,512,16,2,256>512>1024>128,2,85,0.00565248029,100
640,640,fp32,512,16,2,256>512>1024>128,2,86,0.00566272018,100
640,640,fp32,512,16,2,256>512>1024>128,2,87,0.00566272018,100
640,640,fp32,512,16,2,256>512>1024>128,2,88,0.00567296008,100
640,640,fp32,512,16,2,256>512>1024>128,2,89,0.00566272018,100
640,640,fp32,512,16,2,256>512>1024>128,2,90,0.00565248029,100
640,640,fp32,512,16,2,256>512>1024>128,2,91,0.00566272018,100
640,640,fp32,512,16,2,256>512>1024>128,2,92,0.00565248029,100
640,640,fp32,512,16,2,256>512>1024>128,2,93,0.00567296008,100
640,640,fp32,512,16,2,256>512>1024>128,2,94,0.00567296008,100
640,640,fp32,512,16,2,256>512>1024>128,2,95,0.00566272018,100
640,640,fp32,512,16,2,256>512>1024>128,2,96,0.00567296008,100
640,640,fp32,512,16,2,256>512>1024>128,2,97,0.00565248029,100
640,640,fp32,512,16,2,256>512>1024>128,2,98,0.00565248029,100
640,640,fp32,512,16,2,256>512>1024>128,2,99,0.00565248029,100
640,640,fp32,512,16,2,256>512>1024>128,2,100,0.00565248029,100
640,640,fp32,512,16,2,256>512>1024>128,2,101,0.00566464011,100
640,640,fp32,512,16,2,256>512>1024>128,2,102,0.00565248029,100
640,640,fp32,512,16,2,256>512>1024>128,2,103,0.00566272018,100
640,640,fp32,512,16,2,256>512>1024>128,2,104,0.00567296008,100
640,640,fp32,512,16,2,256>512>1024>128,2,105,0.00566272018,100
640,640,fp32,512,16,2,256>512>1024>128,2,106,0.00566272018,100
640,640,fp32,512,16,2,256>512>1024>128,2,107,0.00568319997,100
640,640,fp32,512,16,2,256>512>1024>128,2,108,0.00567296008,100
640,640,fp32,512,16,2,256>512>1024>128,2,109,0.00567296008,100
640,640,fp32,512,16,2,256>512>1024>128,2,110,0.00567296008,100
640,640,fp32,512,16,2,256>512>1024>128,2,111,0.00566272018,100
640,640,fp32,512,16,2,256>512>1024>128,2,112,0.00565248029,100
640,640,fp32,512,16,2,256>512>1024>128,2,113,0.00566272018,100
640,640,fp32,512,16,2,256>512>1024>128,2,114,0.00565248029,100
640,640,fp32,512,16,2,256>512>1024>128,2,115,0.00566272018,100
640,640,fp32,512,16,2,256>512>1024>128,2,116,0.00567296008,100
640,640,fp32,512,16,2,256>512>1024>128,2,117,0.00567296008,100
640,640,fp32,512,16,2,256>512>1024>128,2,118,0.00566272018,100
640,640,fp32,512,16,2,256>512>1024>128,2,119,0.00573440036,100
640,640,fp32,512,16,2,256>512>1024>128,2,120,0.00575487968,100
640,640,fp32,512,16,2,256>512>1024>128,2,121,0.00574464025,100
640,640,fp32,512,16,2,256>512>1024>128,2,122,0.00575487968,100
640,640,fp32,512,16,2,256>512>1024>128,2,123,0.00575487968,100
640,640,fp32,512,16,2,256>512>1024>128,2,124,0.00577535992,100
640,640,fp32,512,16,2,256>512>1024>128,2,125,0.00577535992,100
640,640,fp32,512,16,2,256>512>1024>128,2,126,0.00577535992,100
640,640,fp32,512,16,2,256>512>1024>128,2,127,0.00576511957,100
640,640,fp32,512,16,2,256>512>1024>128,2,128,0.00577535992,100
640,640,fp32,512,16,2,256>512>1024>128,2,129,0.00577535992,100
640,640,fp32,512,16,2,256>512>1024>128,2,130,0.00577535992,100
640,640,fp32,512,16,2,256>512>1024>128,2,131,0.00577535992,100
640,640,fp32,512,16,2,256>512>1024>128,2,132,0.00575487968,100
640,640,fp32,512,16,2,256>512>1024>128,2,133,0.00578559982,100
640,640,fp32,512,16,2,256>512>1024>128,2,134,0.00576511957,100
640,640,fp32,512,16,2,256>512>1024>128,2,135,0.00575487968,100
640,640,fp32,512,16,2,256>512>1024>128,2,136,0.00576511957,100
640,640,fp32,512,16,2,256>512>1024>128,2,137,0.00577535992,100
640,640,fp32,512,16,2,256>512>1024>128,2,138,0.00576608023,100
640,640,fp32,512,16,2,256>512>1024>128,2,139,0.00576511957,100
640,640,fp32,512,16,2,256>512>1024>128,2,140,0.00575487968,100
640,640,fp32,512,16,2,256>512>1024>128,2,141,0.00576511957,100
640,640,fp32,512,16,2,256>512>1024>128,2,142,0.00577535992,100
640,640,fp32,512,16,2,256>512>1024>128,2,143,0.00577535992,100
640,640,fp32,512,16,2,256>512>1024>128,2,144,0.00575487968,100
640,640,fp32,512,16,2,256>512>1024>128,2,145,0.00575680006,100
640,640,fp32,512,16,2,256>512>1024>128,2,146,0.00576511957,100
640,640,fp32,512,16,2,256>512>1024>128,2,147,0.00577535992,100
640,640,fp32,512,16,2,256>512>1024>128,2,148,0.00577535992,100
640,640,fp32,512,16,2,256>512>1024>128,2,149,0.00576511957,100
640,640,fp32,512,16,2,256>512>1024>128,2,150,0.00577535992,100
640,640,fp32,512,16,2,256>512>1024>128,2,151,0.00577535992,100
640,640,fp32,512,16,2,256>512>1024>128,2,152,0.00577535992,100
640,640,fp32,512,16,2,256>512>1024>128,2,153,0.00575487968,100
640,640,fp32,512,16,2,256>512>1024>128,2,154,0.00575487968,100
640,640,fp32,512,16,2,256>512>1024>128,2,155,0.00571392011,100
640,640,fp32,512,16,2,256>512>1024>128,2,156,0.00573440036,100
640,640,fp32,512,16,2,256>512>1024>128,2,157,0.00573440036,100
640,640,fp32,512,16,2,256>512>1024>128,2,158,0.00571392011,100
640,640,fp32,512,16,2,256>512>1024>128,2,159,0.00573472027,100
640,640,fp32,512,16,2,256>512>1024>128,2,160,0.00573440036,100
640,640,fp32,512,16,2,256>512>1024>128,2,161,0.00572416,100
640,640,fp32,512,16,2,256>512>1024>128,2,162,0.00572416,100
640,640,fp32,512,16,2,256>512>1024>128,2,163,0.00573440036,100
640,640,fp32,512,16,2,256>512>1024>128,2,164,0.00574464025,100
640,640,fp32,512,16,2,256>512>1024>128,2,165,0.00571392011,100
640,640,fp32,512,16,2,256>512>1024>128,2,166,0.00572416,100
640,640,fp32,512,16,2,256>512>1024>128,2,167,0.00572416,100
640,640,fp32,512,16,2,256>512>1024>128,2,168,0.00572416,100
640,640,fp32,512,16,2,256>512>1024>128,2,169,0.00572416,100
640,640,fp32,512,16,2,256>512>1024>128,2,170,0.00574464025,100
640,640,fp32,512,16,2,256>512>1024>128,2,171,0.00571392011,100
640,640,fp32,512,16,2,256>512>1024>128,2,172,0.00572416,100
640,640,fp32,512,16,2,256>512>1024>128,2,173,0.00572416,100
640,640,fp32,512,16,2,256>512>1024>128,2,174,0.00571392011,100
640,640,fp32,512,16,2,256>512>1024>128,2,175,0.00571392011,100
640,640,fp32,512,16,2,256>512>1024>128,2,176,0.00571392011,100
640,640,fp32,512,16,2,256>512>1024>128,2,177,0.00572416,100
640,640,fp32,512,16,2,256>512>1024>128,2,178,0.00571392011,100
640,640,fp32,512,16,2,256>512>1024>128,2,179,0.00570592005,100
640,640,fp32,512,16,2,256>512>1024>128,2,180,0.00573440036,100
640,640,fp32,512,16,2,256>512>1024>128,2,181,0.00572416,100
640,640,fp32,512,16,2,256>512>1024>128,2,182,0.00572416,100
640,640,fp32,512,16,2,256>512>1024>128,2,183,0.00572416,100
640,640,fp32,512,16,2,256>512>1024>128,2,184,0.00571392011,100
640,640,fp32,512,16,2,256>512>1024>128,2,185,0.00570367975,100
640,640,fp32,512,16,2,256>512>1024>128,2,186,0.00572416,100
640,640,fp32,512,16,2,256>512>1024>128,2,187,0.00573440036,100
640,640,fp32,512,16,2,256>512>1024>128,2,188,0.00572416,100
640,640,fp32,512,16,2,256>512>1024>128,2,189,0.00572672021,100
640,640,fp32,512,16,2,256>512>1024>128,2,190,0.00573440036,100
640,640,fp32,512,16,2,256>512>1024>128,2,191,0.00572416,100
640,640,fp32,512,16,2,256>512>1024>128,2,192,0.00572416,100
640,640,fp32,512,16,2,256>512>1024>128,2,193,0.00576511957,100
640,640,fp32,512,16,2,256>512>1024>128,2,194,0.00577535992,100
640,640,fp32,512,16,2,256>512>1024>128,2,195,0.00575487968,100
640,640,fp32,512,16,2,256>512>1024>128,2,196,0.00576511957,100
640,640,fp32,512,16,2,256>512>1024>128,2,197,0.00576511957,100
640,640,fp32,512,16,2,256>512>1024>128,2,198,0.00575487968,100
640,640,fp32,512,16,2,256>512>1024>128,2,199,0.00576511957,100
640,640,fp32,512,16,3,512>1024>128>256,1,0,0.00546815991,100
640,640,fp32,512,16,3,512>1024>128>256,1,1,0.00542720035,100
640,640,fp32,512,16,3,512>1024>128>256,1,2,0.00544767966,100
640,640,fp32,512,16,3,512>1024>128>256,1,3,0.0054067201,100
640,640,fp32,512,16,3,512>1024>128>256,1,4,0.00541695999,100
640,640,fp32,512,16,3,512>1024>128>256,1,5,0.00541695999,100
640,640,fp32,512,16,3,512>1024>128>256,1,6,0.00541695999,100
640,640,fp32,512,16,3,512>1024>128>256,1,7,0.00541695999,100
640,640,fp32,512,16,3,512>1024>128>256,1,8,0.00542720035,100
640,640,fp32,512,16,3,512>1024>128>256,1,9,0.00541695999,100
640,640,fp32,512,16,3,512>1024>128>256,1,10,0.00542720035,100
640,640,fp32,512,16,3,512>1024>128>256,1,11,0.00541695999,100
640,640,fp32,512,16,3,512>1024>128>256,1,12,0.00541695999,100
640,640,fp32,512,16,3,512>1024>128>256,1,13,0.00541695999,100
640,640,fp32,512,16,3,512>1024>128>256,1,14,0.00542720035,100
640,640,fp32,512,16,3,512>1024>128>256,1,15,0.00543744024,100
640,640,fp32,512,16,3,512>1024>128>256,1,16,0.00542720035,100
640,640,fp32,512,16,3,512>1024>128>256,1,17,0.00543744024,100
640,640,fp32,512,16,3,512>1024>128>256,1,18,0.00541695999,100
640,640,fp32,512,16,3,512>1024>128>256,1,19,0.00542720035,100
640,640,fp32,512,16,3,512>1024>128>256,1,20,0.00541695999,100
640,640,fp32,512,16,3,512>1024>128>256,1,21,0.00541856,100
640,640,fp32,512,16,3,512>1024>128>256,1,22,0.00542720035,100
640,640,fp32,512,16,3,512>1024>128>256,1,23,0.00542720035,100
640,640,fp32,512,16,3,512>1024>128>256,1,24,0.00543744024,100
640,640,fp32,512,16,3,512>1024>128>256,1,25,0.00542720035,100
640,640,fp32,512,16,3,512>1024>128>256,1,26,0.0054067201,100
640,640,fp32,512,16,3,512>1024>128>256,1,27,0.00541695999,100
640,640,fp32,512,16,3,512>1024>128>256,1,28,0.00541695999,100
640,640,fp32,512,16,3,512>1024>128>256,1,29,0.00543744024,100
640,640,fp32,512,16,3,512>1024>128>256,1,30,0.00541695999,100
640,640,fp32,512,16,3,512>1024>128>256,1,31,0.00541695999,100
640,640,fp32,512,16,3,512>1024>128>256,1,32,0.00543744024,100
640,640,fp32,512,16,3,512>1024>128>256,1,33,0.00542720035,100
640,640,fp32,512,16,3,512>1024>128>256,1,34,0.00542720035,100
640,640,fp32,512,16,3,512>1024>128>256,1,35,0.00542720035,100
640,640,fp32,512,16,3,512>1024>128>256,1,36,0.00541823963,100
640,640,fp32,512,16,3,512>1024>128>256,1,37,0.00543744024,100
640,640,fp32,512,16,3,512>1024>128>256,1,38,0.00541695999,100
640,640,fp32,512,16,3,512>1024>128>256,1,39,0.00542720035,100
640,640,fp32,512,16,3,512>1024>128>256,1,40,0.00542720035,100
640,640,fp32,512,16,3,512>1024>128>256,1,41,0.00542720035,100
640,640,fp32,512,16,3,512>1024>128>256,1,42,0.00543744024,100
640,640,fp32,512,16,3,512>1024>128>256,1,43,0.00544767966,100
640,640,fp32,512,16,3,512>1024>128>256,1,44,0.00543744024,100
640,640,fp32,512,16,3,512>1024>128>256,1,45,0.00542720035,100
640,640,fp32,512,16,3,512>1024>128>256,1,46,0.00541695999,100
640,640,fp32,512,16,3,512>1024>128>256,1,47,0.00542720035,100
640,640,fp32,512,16,3,512>1024>128>256,1,48,0.00543744024,100
640,640,fp32,512,16,3,512>1024>128>256,1,49,0.00541695999,100
640,640,fp32,512,16,3,512>1024>128>256,1,50,0.00541695999,100
640,640,fp32,512,16,3,512>1024>128>256,1,51,0.00542720035,100
640,640,fp32,512,16,3,512>1024>128>256,1,52,0.00543839997,100
640,640,fp32,512,16,3,512>1024>128>256,1,53,0.00542720035,100
640,640,fp32,512,16,3,512>1024>128>256,1,54,0.00542720035,100
640,640,fp32,512,16,3,512>1024>128>256,1,55,0.00542815961,100
640,640,fp32,512,16,3,512>1024>128>256,1,56,0.00543744024,100
640,640,fp32,512,16,3,512>1024>128>256,1,57,0.00543744024,100
640,640,fp32,512,16,3,512>1024>128>256,1,58,0.00543744024,100
640,640,fp32,512,16,3,512>1024>128>256,1,59,0.00541695999,100
640,640,fp32,512,16,3,512>1024>128>256,1,60,0.00542720035,100
640,640,fp32,512,16,3,512>1024>128>256,1,61,0.00542720035,100
640,640,fp32,512,16,3,512>1024>128>256,1,62,0.00542720035,100
640,640,fp32,512,16,3,512>1024>128>256,1,63,0.00543744024,100
640,640,fp32,512,16,3,512>1024>128>256,1,64,0.00543744024,100
640,640,fp32,512,16,3,512>1024>128>256,1,65,0.00541695999,100
640,640,fp32,512,16,3,512>1024>128>256,1,66,0.00541695999,100
640,640,fp32,512,16,3,512>1024>128>256,1,67,0.00542720035,100
640,640,fp32,512,16,3,512>1024>128>256,1,68,0.00541695999,100
640,640,fp32,512,16,3,512>1024>128>256,1,69,0.00542720035,100
640,640,fp32,512,16,3,512>1024>128>256,1,70,0.00542720035,100
640,640,fp32,512,16,3,512>1024>128>256,1,71,0.00542720035,100
640,640,fp32,512,16,3,512>1024>128>256,1,72,0.00540895993,100
640,640,fp32,512,16,3,512>1024>128>256,1,73,0.00542720035,100
640,640,fp32,512,16,3,512>1024>128>256,1,74,0.00542720035,100
640,640,fp32,512,16,3,512>1024>128>256,1,75,0.00541695999,100
640,640,fp32,512,16,3,512>1024>128>256,1,76,0.00541695999,100
640,640,fp32,512,16,3,512>1024>128>256,1,77,0.00542720035,100
640,640,fp32,512,16,3,512>1024>128>256,1,78,0.00541823963,100
640,640,fp32,512,16,3,512>1024>128>256,1,79,0.00543744024,100
640,640,fp32,512,16,3,512>1024>128>256,1,80,0.00558080012,100
640,640,fp32,512,16,3,512>1024>128>256,1,81,0.00564223994,100
640,640,fp32,512,16,3,512>1024>128>256,1,82,0.00565248029,100
640,640,fp32,512,16,3,512>1024>128>256,1,83,0.00564223994,100
640,640,fp32,512,16,3,512>1024>128>256,1,84,0.00564223994,100
640,640,fp32,512,16,3,512>1024>128>256,1,85,0.00565248029,100
640,640,fp32,512,16,3,512>1024>128>256,1,86,0.00564223994,100
640,640,fp32,512,16,3,512>1024>128>256,1,87,0.00564223994,100
640,640,fp32,512,16,3,512>1024>128>256,1,88,0.00563200004,100
640,640,fp32,512,16,3,512>1024>128>256,1,89,0.00563200004,100
640,640,fp32,512,16,3,512>1024>128>256,1,90,0.00565248029,100
640,640,fp32,512,16,3,512>1024>128>256,1,91,0.00565248029,100
640,640,fp32,512,16,3,512>1024>128>256,1,92,0.00563200004,100
640,640,fp32,512,16,3,512>1024>128>256,1,93,0.00565248029,100
640,640,fp32,512,16,3,512>1024>128>256,1,94,0.00565248029,100
640,640,fp32,512,16,3,512>1024>128>256,1,95,0.00564223994,100
640,640,fp32,512,16,3,512>1024>128>256,1,96,0.00564223994,100
640,640,fp32,512,16,3,512>1024>128>256,1,97,0.00563423987,100
640,640,fp32,512,16,3,512>1024>128>256,1,98,0.00564223994,100
640,640,fp32,512,16,3,512>1024>128>256,1,99,0.00564223994,100
640,640,fp32,512,16,3,512>1024>128>256,1,100,0.00564223994,100
640,640,fp32,512,16,3,512>1024>128>256,1,101,0.00563200004,100
640,640,fp32,512,16,3,512>1024>128>256,1,102,0.00564223994,100
640,640,fp32,512,16,3,512>1024>128>256,1,103,0.00565248029,100
640,640,fp32,512,16,3,512>1024>128>256,1,104,0.00565248029,100
640,640,fp32,512,16,3,512>1024>128>256,1,105,0.00564223994,100
640,640,fp32,512,16,3,512>1024>128>256,1,106,0.00565248029,100
640,640,fp32,512,16,3,512>1024>128>256,1,107,0.00564223994,100
640,640,fp32,512,16,3,512>1024>128>256,1,108,0.00563200004,100
640,640,fp32,512,16,3,512>1024>128>256,1,109,0.00565248029,100
640,640,fp32,512,16,3,512>1024>128>256,1,110,0.00563200004,100
640,640,fp32,512,16,3,512>1024>128>256,1,111,0.00565248029,100
640,640,fp32,512,16,3,512>1024>128>256,1,112,0.00565248029,100
640,640,fp32,512,16,3,512>1024>128>256,1,113,0.00564223994,100
640,640,fp32,512,16,3,512>1024>128>256,1,114,0.00564223994,100
640,640,fp32,512,16,3,512>1024>128>256,1,115,0.00565248029,100
640,640,fp32,512,16,3,512>1024>128>256,1,116,0.00568319997,100
640,640,fp32,512,16,3,512>1024>128>256,1,117,0.00570367975,100
640,640,fp32,512,16,3,512>1024>128>256,1,118,0.00569343986,100
640,640,fp32,512,16,3,512>1024>128>256,1,119,0.00569343986,100
640,640,fp32,512,16,3,512>1024>128>256,1,120,0.00568319997,100
640,640,fp32,512,16,3,512>1024>128>256,1,121,0.00569343986,100
640,640,fp32,512,16,3,512>1024>128>256,1,122,0.00569408014,100
640,640,fp32,512,16,3,512>1024>128>256,1,123,0.00566272018,100
640,640,fp32,512,16,3,512>1024>128>256,1,124,0.00569343986,100
640,640,fp32,512,16,3,512>1024>128>256,1,125,0.00568319997,100
640,640,fp32,512,16,3,512>1024>128>256,1,126,0.00569343986,100
640,640,fp32,512,16,3,512>1024>128>256,1,127,0.00569343986,100
640,640,fp32,512,16,3,512>1024>128>256,1,128,0.00568319997,100
640,640,fp32,512,16,3,512>1024>128>256,1,129,0.00568319997,100
640,640,fp32,512,16,3,512>1024>128>256,1,130,0.00569343986,100
640,640,fp32,512,16,3,512>1024>128>256,1,131,0.00567520037,100
640,640,fp32,512,16,3,512>1024>128>256,1,132,0.00568319997,100
640,640,fp32,512,16,3,512>1024>128>256,1,133,0.00567296008,100
640,640,fp32,512,16,3,512>1024>128>256,1,134,0.00569343986,100
640,640,fp32,512,16,3,512>1024>128>256,1,135,0.00570367975,100
640,640,fp32,512,16,3,512>1024>128>256,1,136,0.00568319997,100
640,640,fp32,512,16,3,512>1024>128>256,1,137,0.00569343986,100
640,640,fp32,512,16,3,512>1024>128>256,1,138,0.00569343986,100
640,640,fp32,512,16,3,512>1024>128>256,1,139,0.00568479998,100
640,640,fp32,512,16,3,512>1024>128>256,1,140,0.00569343986,100
640,640,fp32,512,16,3,512>1024>128>256,1,141,0.00570367975,100
640,640,fp32,512,16,3,512>1024>128>256,1,142,0.00569343986,100
640,640,fp32,512,16,3,512>1024>128>256,1,143,0.00570367975,100
640,640,fp32,512,16,3,512>1024>128>256,1,144,0.00568319997,100
640,640,fp32,512,16,3,512>1024>128>256,1,145,0.00568319997,100
640,640,fp32,512,16,3,512>1024>128>256,1,146,0.00570367975,100
640,640,fp32,512,16,3,512>1024>128>256,1,147,0.00569343986,100
640,640,fp32,512,16,3,512>1024>128>256,1,148,0.00567296008,100
640,640,fp32,512,16,3,512>1024>128>256,1,149,0.00567296008,100
640,640,fp32,512,16,3,512>1024>128>256,1,150,0.00568319997,100
640,640,fp32,512,16,3,512>1024>128>256,1,151,0.00570367975,100
640,640,fp32,512,16,3,512>1024>128>256,1,152,0.00568319997,100
640,640,fp32,512,16,3,512>1024>128>256,1,153,0.00568319997,100
640,640,fp32,512,16,3,512>1024>128>256,1,154,0.00569343986,100
640,640,fp32,512,16,3,512>1024>128>256,1,155,0.00574464025,100
640,640,fp32,512,16,3,512>1024>128>256,1,156,0.00572416,100
640,640,fp32,512,16,3,512>1024>128>256,1,157,0.00575487968,100
640,640,fp32,512,16,3,512>1024>128>256,1,158,0.00575487968,100
640,640,fp32,512,16,3,512>1024>128>256,1,159,0.00576511957,100
640,640,fp32,512,16,3,512>1024>128>256,1,160,0.00574464025,100
640,640,fp32,512,16,3,512>1024>128>256,1,161,0.00574464025,100
640,640,fp32,512,16,3,512>1024>128>256,1,162,0.00573440036,100
640,640,fp32,512,16,3,512>1024>128>256,1,163,0.00574464025,100
640,640,fp32,512,16,3,512>1024>128>256,1,164,0.00573440036,100
640,640,fp32,512,16,3,512>1024>128>256,1,165,0.00574464025,100
640,640,fp32,512,16,3,512>1024>128>256,1,166,0.00574464025,100
640,640,fp32,512,16,3,512>1024>128>256,1,167,0.00573535962,100
640,640,fp32,512,16,3,512>1024>128>256,1,168,0.00573440036,100
640,640,fp32,512,16,3,512>1024>128>256,1,169,0.00573631981,100
640,640,fp32,512,16,3,512>1024>128>256,1,170,0.00574464025,100
640,640,fp32,512,16,3,512>1024>128>256,1,171,0.00573440036,100
640,640,fp32,512,16,3,512>1024>128>256,1,172,0.00573440036,100
640,640,fp32,512,16,3,512>1024>128>256,1,173,0.00573440036,100
640,640,fp32,512,16,3,512>1024>128>256,1,174,0.00573440036,100
640,640,fp32,512,16,3,512>1024>128>256,1,175,0.00573440036,100
640,640,fp32,512,16,3,512>1024>128>256,1,176,0.00572416,100
640,640,fp32,512,16,3,512>1024>128>256,1,177,0.00575487968,100
640,640,fp32,512,16,3,512>1024>128>256,1,178,0.00574688008,100
640,640,fp32,512,16,3,512>1024>128>256,1,179,0.00577535992,100
640,640,fp32,512,16,3,512>1024>128>256,1,180,0.00574464025,100
640,640,fp32,512,16,3,512>1024>128>256,1,181,0.00573440036,100
640,640,fp32,512,16,3,512>1024>128>256,1,182,0.00574464025,100
640,640,fp32,512,16,3,512>1024>128>256,1,183,0.00572416,100
640,640,fp32,512,16,3,512>1024>128>256,1,184,0.00575487968,100
640,640,fp32,512,16,3,512>1024>128>256,1,185,0.00574464025,100
640,640,fp32,512,16,3,512>1024>128>256,1,186,0.00574464025,100
640,640,fp32,512,16,3,512>1024>128>256,1,187,0.00573440036,100
640,640,fp32,512,16,3,512>1024>128>256,1,188,0.00574464025,100
640,640,fp32,512,16,3,512>1024>128>256,1,189,0.00571392011,100
640,640,fp32,512,16,3,512>1024>128>256,1,190,0.00574464025,100
640,640,fp32,512,16,3,512>1024>128>256,1,191,0.00574464025,100
640,640,fp32,512,16,3,512>1024>128>256,1,192,0.00573440036,100
640,640,fp32,512,16,3,512>1024>128>256,1,193,0.00575487968,100
640,640,fp32,512,16,3,512>1024>128>256,1,194,0.00575487968,100
640,640,fp32,512,16,3,512>1024>128>256,1,195,0.00574464025,100
640,640,fp32,512,16,3,512>1024>128>256,1,196,0.00574464025,100
640,640,fp32,512,16,3,512>1024>128>256,1,197,0.00574464025,100
640,640,fp32,512,16,3,512>1024>128>256,1,198,0.00576511957,100
640,640,fp32,512,16,3,512>1024>128>256,1,199,0.00574464025,100
640,640,fp32,512,16,4,1024>128>256>512,4,0,0.00551999966,100
640,640,fp32,512,16,4,1024>128>256>512,4,1,0.00547839981,100
640,640,fp32,512,16,4,1024>128>256>512,4,2,0.00547839981,100
640,640,fp32,512,16,4,1024>128>256>512,4,3,0.00548864016,100
640,640,fp32,512,16,4,1024>128>256>512,4,4,0.00548864016,100
640,640,fp32,512,16,4,1024>128>256>512,4,5,0.00548864016,100
640,640,fp32,512,16,4,1024>128>256>512,4,6,0.00548864016,100
640,640,fp32,512,16,4,1024>128>256>512,4,7,0.00548864016,100
640,640,fp32,512,16,4,1024>128>256>512,4,8,0.00548864016,100
640,640,fp32,512,16,4,1024>128>256>512,4,9,0.00547839981,100
640,640,fp32,512,16,4,1024>128>256>512,4,10,0.00549888005,100
640,640,fp32,512,16,4,1024>128>256>512,4,11,0.00549888005,100
640,640,fp32,512,16,4,1024>128>256>512,4,12,0.00548864016,100
640,640,fp32,512,16,4,1024>128>256>512,4,13,0.00547839981,100
640,640,fp32,512,16,4,1024>128>256>512,4,14,0.00548864016,100
640,640,fp32,512,16,4,1024>128>256>512,4,15,0.00550912041,100
640,640,fp32,512,16,4,1024>128>256>512,4,16,0.00548864016,100
640,640,fp32,512,16,4,1024>128>256>512,4,17,0.00547839981,100
640,640,fp32,512,16,4,1024>128>256>512,4,18,0.00549888005,100
640,640,fp32,512,16,4,1024>128>256>512,4,19,0.00549888005,100
640,640,fp32,512,16,4,1024>128>256>512,4,20,0.00549888005,100
640,640,fp32,512,16,4,1024>128>256>512,4,21,0.00549888005,100
640,640,fp32,512,16,4,1024>128>256>512,4,22,0.00548864016,100
640,640,fp32,512,16,4,1024>128>256>512,4,23,0.00547839981,100
640,640,fp32,512,16,4,1024>128>256>512,4,24,0.00547839981,100
640,640,fp32,512,16,4,1024>128>256>512,4,25,0.00548864016,100
640,640,fp32,512,16,4,1024>128>256>512,4,26,0.00548864016,100
640,640,fp32,512,16,4,1024>128>256>512,4,27,0.00548864016,100
640,640,fp32,512,16,4,1024>128>256>512,4,28,0.00548864016,100
640,640,fp32,512,16,4,1024>128>256>512,4,29,0.00547839981,100
640,640,fp32,512,16,4,1024>128>256>512,4,30,0.00548864016,100
640,640,fp32,512,16,4,1024>128>256>512,4,31,0.00548896007,100
640,640,fp32,512,16,4,1024>128>256>512,4,32,0.00547839981,100
640,640,fp32,512,16,4,1024>128>256>512,4,33,0.00549888005,100
640,640,fp32,512,16,4,1024>128>256>512,4,34,0.00547839981,100
640,640,fp32,512,16,4,1024>128>256>512,4,35,0.00547839981,100
640,640,fp32,512,16,4,1024>128>256>512,4,36,0.00548864016,100
640,640,fp32,512,16,4,1024>128>256>512,4,37,0.00547839981,100
640,640,fp32,512,16,4,1024>128>256>512,4,38,0.00547839981,100
640,640,fp32,512,16,4,1024>128>256>512,4,39,0.00547839981,100
640,640,fp32,512,16,4,1024>128>256>512,4,40,0.00548864016,100
640,640,fp32,512,16,4,1024>128>256>512,4,41,0.00548864016,100
640,640,fp32,512,16,4,1024>128>256>512,4,42,0.00547839981,100
640,640,fp32,512,16,4,1024>128>256>512,4,43,0.00549888005,100
640,640,fp32,512,16,4,1024>128>256>512,4,44,0.00548864016,100
640,640,fp32,512,16,4,1024>128>256>512,4,45,0.00548864016,100
640,640,fp32,512,16,4,1024>128>256>512,4,46,0.00548096001,100
640,640,fp32,512,16,4,1024>128>256>512,4,47,0.00548864016,100
640,640,fp32,512,16,4,1024>128>256>512,4,48,0.00547839981,100
640,640,fp32,512,16,4,1024>128>256>512,4,49,0.00549888005,100
640,640,fp32,512,16,4,1024>128>256>512,4,50,0.00552959973,100
640,640,fp32,512,16,4,1024>128>256>512,4,51,0.00553984009,100
640,640,fp32,512,16,4,1024>128>256>512,4,52,0.00552959973,100
640,640,fp32,512,16,4,1024>128>256>512,4,53,0.00551935984,100
640,640,fp32,512,16,4,1024>128>256>512,4,54,0.00552959973,100
640,640,fp32,512,16,4,1024>128>256>512,4,55,0.00553183956,100
640,640,fp32,512,16,4,1024>128>256>512,4,56,0.00553024001,100
640,640,fp32,512,16,4,1024>128>256>512,4,57,0.00551935984,100
640,640,fp32,512,16,4,1024>128>256>512,4,58,0.00552959973,100
640,640,fp32,512,16,4,1024>128>256>512,4,59,0.00552959973,100
640,640,fp32,512,16,4,1024>128>256>512,4,60,0.00551935984,100
640,640,fp32,512,16,4,1024>128>256>512,4,61,0.00552959973,100
640,640,fp32,512,16,4,1024>128>256>512,4,62,0.00552959973,100
640,640,fp32,512,16,4,1024>128>256>512,4,63,0.00552959973,100
640,640,fp32,512,16,4,1024>128>256>512,4,64,0.00552959973,100
640,640,fp32,512,16,4,1024>128>256>512,4,65,0.00553984009,100
640,640,fp32,512,16,4,1024>128>256>512,4,66,0.00553984009,100
640,640,fp32,512,16,4,1024>128>256>512,4,67,0.00551935984,100
640,640,fp32,512,16,4,1024>128>256>512,4,68,0.00551935984,100
640,640,fp32,512,16,4,1024>128>256>512,4,69,0.00552959973,100
640,640,fp32,512,16,4,1024>128>256>512,4,70,0.00553984009,100
640,640,fp32,512,16,4,1024>128>256>512,4,71,0.00552959973,100
640,640,fp32,512,16,4,1024>128>256>512,4,72,0.00555007998,100
640,640,fp32,512,16,4,1024>128>256>512,4,73,0.00552959973,100
640,640,fp32,512,16,4,1024>128>256>512,4,74,0.00551935984,100
640,640,fp32,512,16,4,1024>128>256>512,4,75,0.00553984009,100
640,640,fp32,512,16,4,1024>128>256>512,4,76,0.00552959973,100
640,640,fp32,512,16,4,1024>128>256>512,4,77,0.00552959973,100
640,640,fp32,512,16,4,1024>128>256>512,4,78,0.00552959973,100
640,640,fp32,512,16,4,1024>128>256>512,4,79,0.00552959973,100
640,640,fp32,512,16,4,1024>128>256>512,4,80,0.00552959973,100
640,640,fp32,512,16,4,1024>128>256>512,4,81,0.00552959973,100
640,640,fp32,512,16,4,1024>128>256>512,4,82,0.00552959973,100
640,640,fp32,512,16,4,1024>128>256>512,4,83,0.00552959973,100
640,640,fp32,512,16,4,1024>128>256>512,4,84,0.00551935984,100
640,640,fp32,512,16,4,1024>128>256>512,4,85,0.00552959973,100
640,640,fp32,512,16,4,1024>128>256>512,4,86,0.00562175969,100
640,640,fp32,512,16,4,1024>128>256>512,4,87,0.00572416,100
640,640,fp32,512,16,4,1024>128>256>512,4,88,0.00571392011,100
640,640,fp32,512,16,4,1024>128>256>512,4,89,0.00571392011,100
640,640,fp32,512,16,4,1024>128>256>512,4,90,0.00571392011,100
640,640,fp32,512,16,4,1024>128>256>512,4,91,0.00571392011,100
640,640,fp32,512,16,4,1024>128>256>512,4,92,0.00571392011,100
640,640,fp32,512,16,4,1024>128>256>512,4,93,0.00571392011,100
640,640,fp32,512,16,4,1024>128>256>512,4,94,0.00572416,100
640,640,fp32,512,16,4,1024>128>256>512,4,95,0.00572416,100
640,640,fp32,512,16,4,1024>128>256>512,4,96,0.00571392011,100
640,640,fp32,512,16,4,1024>128>256>512,4,97,0.00571392011,100
640,640,fp32,512,16,4,1024>128>256>512,4,98,0.00571392011,100
640,640,fp32,512,16,4,1024>128>256>512,4,99,0.00570367975,100
640,640,fp32,512,16,4,1024>128>256>512,4,100,0.00571392011,100
640,640,fp32,512,16,4,1024>128>256>512,4,101,0.00571392011,100
640,640,fp32,512,16,4,1024>128>256>512,4,102,0.00569343986,100
640,640,fp32,512,16,4,1024>128>256>512,4,103,0.00571615994,100
640,640,fp32,512,16,4,1024>128>256>512,4,104,0.00572416,100
640,640,fp32,512,16,4,1024>128>256>512,4,105,0.00570367975,100
640,640,fp32,512,16,4,1024>128>256>512,4,106,0.00571392011,100
640,640,fp32,512,16,4,1024>128>256>512,4,107,0.00571392011,100
640,640,fp32,512,16,4,1024>128>256>512,4,108,0.00570367975,100
640,640,fp32,512,16,4,1024>128>256>512,4,109,0.00572416,100
640,640,fp32,512,16,4,1024>128>256>512,4,110,0.00571392011,100
640,640,fp32,512,16,4,1024>128>256>512,4,111,0.00570367975,100
640,640,fp32,512,16,4,1024>128>256>512,4,112,0.00571392011,100
640,640,fp32,512,16,4,1024>128>256>512,4,113,0.00571584003,100
640,640,fp32,512,16,4,1024>128>256>512,4,114,0.00570367975,100
640,640,fp32,512,16,4,1024>128>256>512,4,115,0.00570367975,100
640,640,fp32,512,16,4,1024>128>256>512,4,116,0.00571392011,100
640,640,fp32,512,16,4,1024>128>256>512,4,117,0.00569343986,100
640,640,fp32,512,16,4,1024>128>256>512,4,118,0.00571392011,100
640,640,fp32,512,16,4,1024>128>256>512,4,119,0.00571392011,100
640,640,fp32,512,16,4,1024>128>256>512,4,120,0.00569343986,100
640,640,fp32,512,16,4,1024>128>256>512,4,121,0.00573440036,100
640,640,fp32,512,16,4,1024>128>256>512,4,122,0.00577535992,100
640,640,fp32,512,16,4,1024>128>256>512,4,123,0.00577535992,100
640,640,fp32,512,16,4,1024>128>256>512,4,124,0.00577535992,100
640,640,fp32,512,16,4,1024>128>256>512,4,125,0.00576511957,100
640,640,fp32,512,16,4,1024>128>256>512,4,126,0.00577567983,100
640,640,fp32,512,16,4,1024>128>256>512,4,127,0.00576511957,100
640,640,fp32,512,16,4,1024>128>256>512,4,128,0.00574464025,100
640,640,fp32,512,16,4,1024>128>256>512,4,129,0.00577535992,100
640,640,fp32,512,16,4,1024>128>256>512,4,130,0.00575487968,100
640,640,fp32,512,16,4,1024>128>256>512,4,131,0.00576511957,100
640,640,fp32,512,16,4,1024>128>256>512,4,132,0.00577535992,100
640,640,fp32,512,16,4,1024>128>256>512,4,133,0.00576511957,100
640,640,fp32,512,16,4,1024>128>256>512,4,134,0.00575487968,100
640,640,fp32,512,16,4,1024>128>256>512,4,135,0.00575487968,100
640,640,fp32,512,16,4,1024>128>256>512,4,136,0.00574464025,100
640,640,fp32,512,16,4,1024>128>256>512,4,137,0.00577535992,100
640,640,fp32,512,16,4,1024>128>256>512,4,138,0.00576704042,100
640,640,fp32,512,16,4,1024>128>256>512,4,139,0.00577535992,100
640,640,fp32,512,16,4,1024>128>256>512,4,140,0.00578559982,100
640,640,fp32,512,16,4,1024>128>256>512,4,141,0.00575487968,100
640,640,fp32,512,16,4,1024>128>256>512,4,142,0.00577600021,100
640,640,fp32,512,16,4,1024>128>256>512,4,143,0.00575487968,100
640,640,fp32,512,16,4,1024>128>256>512,4,144,0.00576511957,100
640,640,fp32,512,16,4,1024>128>256>512,4,145,0.00575487968,100
640,640,fp32,512,16,4,1024>128>256>512,4,146,0.00574464025,100
640,640,fp32,512,16,4,1024>128>256>512,4,147,0.00574495969,100
640,640,fp32,512,16,4,1024>128>256>512,4,148,0.00576511957,100
640,640,fp32,512,16,4,1024>128>256>512,4,149,0.00574464025,100
640,640,fp32,512,16,4,1024>128>256>512,4,150,0.00575487968,100
640,640,fp32,512,16,4,1024>128>256>512,4,151,0.00578559982,100
640,640,fp32,512,16,4,1024>128>256>512,4,152,0.00576511957,100
640,640,fp32,512,16,4,1024>128>256>512,4,153,0.00577535992,100
640,640,fp32,512,16,4,1024>128>256>512,4,154,0.00575487968,100
640,640,fp32,512,16,4,1024>128>256>512,4,155,0.00577535992,100
640,640,fp32,512,16,4,1024>128>256>512,4,156,0.00579584017,100
640,640,fp32,512,16,4,1024>128>256>512,4,157,0.00582656031,100
640,640,fp32,512,16,4,1024>128>256>512,4,158,0.00581631996,100
640,640,fp32,512,16,4,1024>128>256>512,4,159,0.00582656031,100
640,640,fp32,512,16,4,1024>128>256>512,4,160,0.00581631996,100
640,640,fp32,512,16,4,1024>128>256>512,4,161,0.00585727999,100
640,640,fp32,512,16,4,1024>128>256>512,4,162,0.00580608007,100
640,640,fp32,512,16,4,1024>128>256>512,4,163,0.00582656031,100
640,640,fp32,512,16,4,1024>128>256>512,4,164,0.00581631996,100
640,640,fp32,512,16,4,1024>128>256>512,4,165,0.00581695978,100
640,640,fp32,512,16,4,1024>128>256>512,4,166,0.00580608007,100
640,640,fp32,512,16,4,1024>128>256>512,4,167,0.00580608007,100
640,640,fp32,512,16,4,1024>128>256>512,4,168,0.00580608007,100
640,640,fp32,512,16,4,1024>128>256>512,4,169,0.00580608007,100
640,640,fp32,512,16,4,1024>128>256>512,4,170,0.00580608007,100
640,640,fp32,512,16,4,1024>128>256>512,4,171,0.00581631996,100
640,640,fp32,512,16,4,1024>128>256>512,4,172,0.00580608007,100
640,640,fp32,512,16,4,1024>128>256>512,4,173,0.00580608007,100
640,640,fp32,512,16,4,1024>128>256>512,4,174,0.00581631996,100
640,640,fp32,512,16,4,1024>128>256>512,4,175,0.00580608007,100
640,640,fp32,512,16,4,1024>128>256>512,4,176,0.00580608007,100
640,640,fp32,512,16,4,1024>128>256>512,4,177,0.00580608007,100
640,640,fp32,512,16,4,1024>128>256>512,4,178,0.00581631996,100
640,640,fp32,512,16,4,1024>128>256>512,4,179,0.00579584017,100
640,640,fp32,512,16,4,1024>128>256>512,4,180,0.00579584017,100
640,640,fp32,512,16,4,1024>128>256>512,4,181,0.00582656031,100
640,640,fp32,512,16,4,1024>128>256>512,4,182,0.00582656031,100
640,640,fp32,512,16,4,1024>128>256>512,4,183,0.00581631996,100
640,640,fp32,512,16,4,1024>128>256>512,4,184,0.00581631996,100
640,640,fp32,512,16,4,1024>128>256>512,4,185,0.00581631996,100
640,640,fp32,512,16,4,1024>128>256>512,4,186,0.00581631996,100
640,640,fp32,512,16,4,1024>128>256>512,4,187,0.00579584017,100
640,640,fp32,512,16,4,1024>128>256>512,4,188,0.00581631996,100
640,640,fp32,512,16,4,1024>128>256>512,4,189,0.0057977601,100
640,640,fp32,512,16,4,1024>128>256>512,4,190,0.00577535992,100
640,640,fp32,512,16,4,1024>128>256>512,4,191,0.00578559982,100
640,640,fp32,512,16,4,1024>128>256>512,4,192,0.00576511957,100
640,640,fp32,512,16,4,1024>128>256>512,4,193,0.00576511957,100
640,640,fp32,512,16,4,1024>128>256>512,4,194,0.00576511957,100
640,640,fp32,512,16,4,1024>128>256>512,4,195,0.00577535992,100
640,640,fp32,512,16,4,1024>128>256>512,4,196,0.00577535992,100
640,640,fp32,512,16,4,1024>128>256>512,4,197,0.00578559982,100
640,640,fp32,512,16,4,1024>128>256>512,4,198,0.00578559982,100
640,640,fp32,512,16,4,1024>128>256>512,4,199,0.00578559982,100
640,640,fp32,1024,32,1,128>256>512>1024,4,0,0.00566272018,100
640,640,fp32,1024,32,1,128>256>512>1024,4,1,0.00565248029,100
640,640,fp32,1024,32,1,128>256>512>1024,4,2,0.00565248029,100
640,640,fp32,1024,32,1,128>256>512>1024,4,3,0.00564223994,100
640,640,fp32,1024,32,1,128>256>512>1024,4,4,0.00564223994,100
640,640,fp32,1024,32,1,128>256>512>1024,4,5,0.00564223994,100
640,640,fp32,1024,32,1,128>256>512>1024,4,6,0.00564223994,100
640,640,fp32,1024,32,1,128>256>512>1024,4,7,0.00565248029,100
640,640,fp32,1024,32,1,128>256>512>1024,4,8,0.00564320013,100
640,640,fp32,1024,32,1,128>256>512>1024,4,9,0.00564223994,100
640,640,fp32,1024,32,1,128>256>512>1024,4,10,0.00564223994,100
640,640,fp32,1024,32,1,128>256>512>1024,4,11,0.00565248029,100
640,640,fp32,1024,32,1,128>256>512>1024,4,12,0.00565248029,100
640,640,fp32,1024,32,1,128>256>512>1024,4,13,0.00564223994,100
640,640,fp32,1024,32,1,128>256>512>1024,4,14,0.00565248029,100
640,640,fp32,1024,32,1,128>256>512>1024,4,15,0.00565248029,100
640,640,fp32,1024,32,1,128>256>512>1024,4,16,0.00565312011,100
640,640,fp32,1024,32,1,128>256>512>1024,4,17,0.00565248029,100
640,640,fp32,1024,32,1,128>256>512>1024,4,18,0.00565248029,100
640,640,fp32,1024,32,1,128>256>512>1024,4,19,0.00565248029,100
640,640,fp32,1024,32,1,128>256>512>1024,4,20,0.00565248029,100
640,640,fp32,1024,32,1,128>256>512>1024,4,21,0.00565248029,100
640,640,fp32,1024,32,1,128>256>512>1024,4,22,0.00565248029,100
640,640,fp32,1024,32,1,128>256>512>1024,4,23,0.00565248029,100
640,640,fp32,1024,32,1,128>256>512>1024,4,24,0.00565248029,100
640,640,fp32,1024,32,1,128>256>512>1024,4,25,0.00564320013,100
640,640,fp32,1024,32,1,128>256>512>1024,4,26,0.00565248029,100
640,640,fp32,1024,32,1,128>256>512>1024,4,27,0.00565248029,100
640,640,fp32,1024,32,1,128>256>512>1024,4,28,0.00565248029,100
640,640,fp32,1024,32,1,128>256>512>1024,4,29,0.00566272018,100
640,640,fp32,1024,32,1,128>256>512>1024,4,30,0.00565248029,100
640,640,fp32,1024,32,1,128>256>512>1024,4,31,0.00565248029,100
640,640,fp32,1024,32,1,128>256>512>1024,4,32,0.00565248029,100
640,640,fp32,1024,32,1,128>256>512>1024,4,33,0.00564223994,100
640,640,fp32,1024,32,1,128>256>512>1024,4,34,0.00565248029,100
640,640,fp32,1024,32,1,128>256>512>1024,4,35,0.00565248029,100
640,640,fp32,1024,32,1,128>256>512>1024,4,36,0.00565248029,100
640,640,fp32,1024,32,1,128>256>512>1024,4,37,0.00565248029,100
640,640,fp32,1024,32,1,128>256>512>1024,4,38,0.00565248029,100
640,640,fp32,1024,32,1,128>256>512>1024,4,39,0.00565248029,100
640,640,fp32,1024,32,1,128>256>512>1024,4,40,0.00564223994,100
640,640,fp32,1024,32,1,128>256>512>1024,4,41,0.00564223994,100
640,640,fp32,1024,32,1,128>256>512>1024,4,42,0.00564223994,100
640,640,fp32,1024,32,1,128>256>512>1024,4,43,0.00564223994,100
640,640,fp32,1024,32,1,128>256>512>1024,4,44,0.00565248029,100
640,640,fp32,1024,32,1,128>256>512>1024,4,45,0.00565248029,100
640,640,fp32,1024,32,1,128>256>512>1024,4,46,0.00565248029,100
640,640,fp32,1024,32,1,128>256>512>1024,4,47,0.00564223994,100
640,640,fp32,1024,32,1,128>256>512>1024,4,48,0.00564288022,100
640,640,fp32,1024,32,1,128>256>512>1024,4,49,0.00565248029,100
640,640,fp32,1024,32,1,128>256>512>1024,4,50,0.00565248029,100
640,640,fp32,1024,32,1,128>256>512>1024,4,51,0.00564223994,100
640,640,fp32,1024,32,1,128>256>512>1024,4,52,0.00564320013,100
640,640,fp32,1024,32,1,128>256>512>1024,4,53,0.00565248029,100
640,640,fp32,1024,32,1,128>256>512>1024,4,54,0.00565248029,100
640,640,fp32,1024,32,1,128>256>512>1024,4,55,0.00565248029,100
640,640,fp32,1024,32,1,128>256>512>1024,4,56,0.00565248029,100
640,640,fp32,1024,32,1,128>256>512>1024,4,57,0.00565248029,100
640,640,fp32,1024,32,1,128>256>512>1024,4,58,0.00565248029,100
640,640,fp32,1024,32,1,128>256>512>1024,4,59,0.00565248029,100
640,640,fp32,1024,32,1,128>256>512>1024,4,60,0.00565248029,100
640,640,fp32,1024,32,1,128>256>512>1024,4,61,0.00565248029,100
640,640,fp32,1024,32,1,128>256>512>1024,4,62,0.00564223994,100
640,640,fp32,1024,32,1,128>256>512>1024,4,63,0.00564223994,100
640,640,fp32,1024,32,1,128>256>512>1024,4,64,0.00564223994,100
640,640,fp32,1024,32,1,128>256>512>1024,4,65,0.00565248029,100
640,640,fp32,1024,32,1,128>256>512>1024,4,66,0.00569343986,100
640,640,fp32,1024,32,1,128>256>512>1024,4,67,0.00571392011,100
640,640,fp32,1024,32,1,128>256>512>1024,4,68,0.00570367975,100
640,640,fp32,1024,32,1,128>256>512>1024,4,69,0.00571392011,100
640,640,fp32,1024,32,1,128>256>512>1024,4,70,0.00571392011,100
640,640,fp32,1024,32,1,128>256>512>1024,4,71,0.00570367975,100
640,640,fp32,1024,32,1,128>256>512>1024,4,72,0.00571392011,100
640,640,fp32,1024,32,1,128>256>512>1024,4,73,0.00571392011,100
640,640,fp32,1024,32,1,128>256>512>1024,4,74,0.00570367975,100
640,640,fp32,1024,32,1,128>256>512>1024,4,75,0.00570367975,100
640,640,fp32,1024,32,1,128>256>512>1024,4,76,0.00570367975,100
640,640,fp32,1024,32,1,128>256>512>1024,4,77,0.00571392011,100
640,640,fp32,1024,32,1,128>256>512>1024,4,78,0.00570367975,100
640,640,fp32,1024,32,1,128>256>512>1024,4,79,0.00571392011,100
640,640,fp32,1024,32,1,128>256>512>1024,4,80,0.00570367975,100
640,640,fp32,1024,32,1,128>256>512>1024,4,81,0.00572416,100
640,640,fp32,1024,32,1,128>256>512>1024,4,82,0.00571392011,100
640,640,fp32,1024,32,1,128>256>512>1024,4,83,0.00571392011,100
640,640,fp32,1024,32,1,128>256>512>1024,4,84,0.00571392011,100
640,640,fp32,1024,32,1,128>256>512>1024,4,85,0.00570367975,100
640,640,fp32,1024,32,1,128>256>512>1024,4,86,0.00571392011,100
640,640,fp32,1024,32,1,128>256>512>1024,4,87,0.00571392011,100
640,640,fp32,1024,32,1,128>256>512>1024,4,88,0.00570367975,100
640,640,fp32,1024,32,1,128>256>512>1024,4,89,0.00571392011,100
640,640,fp32,1024,32,1,128>256>512>1024,4,90,0.00571392011,100
640,640,fp32,1024,32,1,128>256>512>1024,4,91,0.00571392011,100
640,640,fp32,1024,32,1,128>256>512>1024,4,92,0.00572416,100
640,640,fp32,1024,32,1,128>256>512>1024,4,93,0.00571392011,100
640,640,fp32,1024,32,1,128>256>512>1024,4,94,0.00571392011,100
640,640,fp32,1024,32,1,128>256>512>1024,4,95,0.00570496032,100
640,640,fp32,1024,32,1,128>256>512>1024,4,96,0.00571392011,100
640,640,fp32,1024,32,1,128>256>512>1024,4,97,0.00571392011,100
640,640,fp32,1024,32,1,128>256>512>1024,4,98,0.00571392011,100
640,640,fp32,1024,32,1,128>256>512>1024,4,99,0.00572416,100
640,640,fp32,1024,32,1,128>256>512>1024,4,100,0.00571392011,100
640,640,fp32,1024,32,1,128>256>512>1024,4,101,0.00577535992,100
640,640,fp32,1024,32,1,128>256>512>1024,4,102,0.00579584017,100
640,640,fp32,1024,32,1,128>256>512>1024,4,103,0.00579584017,100
640,640,fp32,1024,32,1,128>256>512>1024,4,104,0.00579584017,100
640,640,fp32,1024,32,1,128>256>512>1024,4,105,0.00580608007,100
640,640,fp32,1024,32,1,128>256>512>1024,4,106,0.00578559982,100
640,640,fp32,1024,32,1,128>256>512>1024,4,107,0.00580608007,100
640,640,fp32,1024,32,1,128>256>512>1024,4,108,0.00580608007,100
640,640,fp32,1024,32,1,128>256>512>1024,4,109,0.00579584017,100
640,640,fp32,1024,32,1,128>256>512>1024,4,110,0.00580608007,100
640,640,fp32,1024,32,1,128>256>512>1024,4,111,0.00580608007,100
640,640,fp32,1024,32,1,128>256>512>1024,4,112,0.00580608007,100
640,640,fp32,1024,32,1,128>256>512>1024,4,113,0.00579584017,100
640,640,fp32,1024,32,1,128>256>512>1024,4,114,0.00579584017,100
640,640,fp32,1024,32,1,128>256>512>1024,4,115,0.00581631996,100
640,640,fp32,1024,32,1,128>256>512>1024,4,116,0.00580608007,100
640,640,fp32,1024,32,1,128>256>512>1024,4,117,0.00579584017,100
640,640,fp32,1024,32,1,128>256>512>1024,4,118,0.00579584017,100
640,640,fp32,1024,32,1,128>256>512>1024,4,119,0.00580608007,100
640,640,fp32,1024,32,1,128>256>512>1024,4,120,0.00579584017,100
640,640,fp32,1024,32,1,128>256>512>1024,4,121,0.00579584017,100
640,640,fp32,1024,32,1,128>256>512>1024,4,122,0.00579584017,100
640,640,fp32,1024,32,1,128>256>512>1024,4,123,0.00580608007,100
640,640,fp32,1024,32,1,128>256>512>1024,4,124,0.00579584017,100
640,640,fp32,1024,32,1,128>256>512>1024,4,125,0.00579584017,100
640,640,fp32,1024,32,1,128>256>512>1024,4,126,0.00580608007,100
640,640,fp32,1024,32,1,128>256>512>1024,4,127,0.00579584017,100
640,640,fp32,1024,32,1,128>256>512>1024,4,128,0.00579584017,100
640,640,fp32,1024,32,1,128>256>512>1024,4,129,0.00580608007,100
640,640,fp32,1024,32,1,128>256>512>1024,4,130,0.00580608007,100
640,640,fp32,1024,32,1,128>256>512>1024,4,131,0.00580608007,100
640,640,fp32,1024,32,1,128>256>512>1024,4,132,0.00579584017,100
640,640,fp32,1024,32,1,128>256>512>1024,4,133,0.00580608007,100
640,640,fp32,1024,32,1,128>256>512>1024,4,134,0.00580608007,100
640,640,fp32,1024,32,1,128>256>512>1024,4,135,0.00582656031,100
640,640,fp32,1024,32,1,128>256>512>1024,4,136,0.00588800013,100
640,640,fp32,1024,32,1,128>256>512>1024,4,137,0.00588800013,100
640,640,fp32,1024,32,1,128>256>512>1024,4,138,0.00588800013,100
640,640,fp32,1024,32,1,128>256>512>1024,4,139,0.00588000007,100
640,640,fp32,1024,32,1,128>256>512>1024,4,140,0.00588800013,100
640,640,fp32,1024,32,1,128>256>512>1024,4,141,0.00588800013,100
640,640,fp32,1024,32,1,128>256>512>1024,4,142,0.00587776024,100
640,640,fp32,1024,32,1,128>256>512>1024,4,143,0.00586751988,100
640,640,fp32,1024,32,1,128>256>512>1024,4,144,0.00588800013,100
640,640,fp32,1024,32,1,128>256>512>1024,4,145,0.00587776024,100
640,640,fp32,1024,32,1,128>256>512>1024,4,146,0.00586751988,100
640,640,fp32,1024,32,1,128>256>512>1024,4,147,0.00588800013,100
640,640,fp32,1024,32,1,128>256>512>1024,4,148,0.00587776024,100
640,640,fp32,1024,32,1,128>256>512>1024,4,149,0.00588800013,100
640,640,fp32,1024,32,1,128>256>512>1024,4,150,0.00586751988,100
640,640,fp32,1024,32,1,128>256>512>1024,4,151,0.00589824002,100
640,640,fp32,1024,32,1,128>256>512>1024,4,152,0.00588800013,100
640,640,fp32,1024,32,1,128>256>512>1024,4,153,0.00587776024,100
640,640,fp32,1024,32,1,128>256>512>1024,4,154,0.00587776024,100
640,640,fp32,1024,32,1,128>256>512>1024,4,155,0.00588800013,100
640,640,fp32,1024,32,1,128>256>512>1024,4,156,0.00587776024,100
640,640,fp32,1024,32,1,128>256>512>1024,4,157,0.00588800013,100
640,640,fp32,1024,32,1,128>256>512>1024,4,158,0.00587776024,100
640,640,fp32,1024,32,1,128>256>512>1024,4,159,0.00586751988,100
640,640,fp32,1024,32,1,128>256>512>1024,4,160,0.00588800013,100
640,640,fp32,1024,32,1,128>256>512>1024,4,161,0.00589824002,100
640,640,fp32,1024,32,1,128>256>512>1024,4,162,0.00588800013,100
640,640,fp32,1024,32,1,128>256>512>1024,4,163,0.00588800013,100
640,640,fp32,1024,32,1,128>256>512>1024,4,164,0.00588800013,100
640,640,fp32,1024,32,1,128>256>512>1024,4,165,0.00588800013,100
640,640,fp32,1024,32,1,128>256>512>1024,4,166,0.00588800013,100
640,640,fp32,1024,32,1,128>256>512>1024,4,167,0.00588800013,100
640,640,fp32,1024,32,1,128>256>512>1024,4,168,0.00588800013,100
640,640,fp32,1024,32,1,128>256>512>1024,4,169,0.00588800013,100
640,640,fp32,1024,32,1,128>256>512>1024,4,170,0.00589824002,100
640,640,fp32,1024,32,1,128>256>512>1024,4,171,0.00589824002,100
640,640,fp32,1024,32,1,128>256>512>1024,4,172,0.00588800013,100
640,640,fp32,1024,32,1,128>256>512>1024,4,173,0.00586751988,100
640,640,fp32,1024,32,1,128>256>512>1024,4,174,0.00588800013,100
640,640,fp32,1024,32,1,128>256>512>1024,4,175,0.00586751988,100
640,640,fp32,1024,32,1,128>256>512>1024,4,176,0.00587776024,100
640,640,fp32,1024,32,1,128>256>512>1024,4,177,0.00588800013,100
640,640,fp32,1024,32,1,128>256>512>1024,4,178,0.00587776024,100
640,640,fp32,1024,32,1,128>256>512>1024,4,179,0.00586751988,100
640,640,fp32,1024,32,1,128>256>512>1024,4,180,0.00588800013,100
640,640,fp32,1024,32,1,128>256>512>1024,4,181,0.00589824002,100
640,640,fp32,1024,32,1,128>256>512>1024,4,182,0.00588800013,100
640,640,fp32,1024,32,1,128>256>512>1024,4,183,0.00588800013,100
640,640,fp32,1024,32,1,128>256>512>1024,4,184,0.00589824002,100
640,640,fp32,1024,32,1,128>256>512>1024,4,185,0.00588800013,100
640,640,fp32,1024,32,1,128>256>512>1024,4,186,0.00589824002,100
640,640,fp32,1024,32,1,128>256>512>1024,4,187,0.00587776024,100
640,640,fp32,1024,32,1,128>256>512>1024,4,188,0.00587776024,100
640,640,fp32,1024,32,1,128>256>512>1024,4,189,0.00586751988,100
640,640,fp32,1024,32,1,128>256>512>1024,4,190,0.0058694398,100
640,640,fp32,1024,32,1,128>256>512>1024,4,191,0.00587776024,100
640,640,fp32,1024,32,1,128>256>512>1024,4,192,0.00588800013,100
640,640,fp32,1024,32,1,128>256>512>1024,4,193,0.00587776024,100
640,640,fp32,1024,32,1,128>256>512>1024,4,194,0.00585727999,100
640,640,fp32,1024,32,1,128>256>512>1024,4,195,0.00587776024,100
640,640,fp32,1024,32,1,128>256>512>1024,4,196,0.00587776024,100
640,640,fp32,1024,32,1,128>256>512>1024,4,197,0.00588800013,100
640,640,fp32,1024,32,1,128>256>512>1024,4,198,0.00587776024,100
640,640,fp32,1024,32,1,128>256>512>1024,4,199,0.00588800013,100
640,640,fp32,1024,32,2,256>512>1024>128,3,0,0.00564223994,100
640,640,fp32,1024,32,2,256>512>1024>128,3,1,0.00559104048,100
640,640,fp32,1024,32,2,256>512>1024>128,3,2,0.00559295993,100
640,640,fp32,1024,32,2,256>512>1024>128,3,3,0.00559104048,100
640,640,fp32,1024,32,2,256>512>1024>128,3,4,0.00559104048,100
640,640,fp32,1024,32,2,256>512>1024>128,3,5,0.0056012799,100
640,640,fp32,1024,32,2,256>512>1024>128,3,6,0.00559104048,100
640,640,fp32,1024,32,2,256>512>1024>128,3,7,0.0056012799,100
640,640,fp32,1024,32,2,256>512>1024>128,3,8,0.00559104048,100
640,640,fp32,1024,32,2,256>512>1024>128,3,9,0.00559104048,100
640,640,fp32,1024,32,2,256>512>1024>128,3,10,0.0056012799,100
640,640,fp32,1024,32,2,256>512>1024>128,3,11,0.0056012799,100
640,640,fp32,1024,32,2,256>512>1024>128,3,12,0.00559104048,100
640,640,fp32,1024,32,2,256>512>1024>128,3,13,0.0056012799,100
640,640,fp32,1024,32,2,256>512>1024>128,3,14,0.00561151979,100
640,640,fp32,1024,32,2,256>512>1024>128,3,15,0.0056012799,100
640,640,fp32,1024,32,2,256>512>1024>128,3,16,0.0056012799,100
640,640,fp32,1024,32,2,256>512>1024>128,3,17,0.0056012799,100
640,640,fp32,1024,32,2,256>512>1024>128,3,18,0.0056012799,100
640,640,fp32,1024,32,2,256>512>1024>128,3,19,0.0056012799,100
640,640,fp32,1024,32,2,256>512>1024>128,3,20,0.0056012799,100
640,640,fp32,1024,32,2,256>512>1024>128,3,21,0.00559232011,100
640,640,fp32,1024,32,2,256>512>1024>128,3,22,0.00559104048,100
640,640,fp32,1024,32,2,256>512>1024>128,3,23,0.0056012799,100
640,640,fp32,1024,32,2,256>512>1024>128,3,24,0.00559104048,100
640,640,fp32,1024,32,2,256>512>1024>128,3,25,0.0056012799,100
640,640,fp32,1024,32,2,256>512>1024>128,3,26,0.0056012799,100
640,640,fp32,1024,32,2,256>512>1024>128,3,27,0.0056012799,100
640,640,fp32,1024,32,2,256>512>1024>128,3,28,0.0056012799,100
640,640,fp32,1024,32,2,256>512>1024>128,3,29,0.00559104048,100
640,640,fp32,1024,32,2,256>512>1024>128,3,30,0.0056012799,100
640,640,fp32,1024,32,2,256>512>1024>128,3,31,0.00561151979,100
640,640,fp32,1024,32,2,256>512>1024>128,3,32,0.0056012799,100
640,640,fp32,1024,32,2,256>512>1024>128,3,33,0.0056012799,100
640,640,fp32,1024,32,2,256>512>1024>128,3,34,0.0056012799,100
640,640,fp32,1024,32,2,256>512>1024>128,3,35,0.00561151979,100
640,640,fp32,1024,32,2,256>512>1024>128,3,36,0.0056012799,100
640,640,fp32,1024,32,2,256>512>1024>128,3,37,0.0056012799,100
640,640,fp32,1024,32,2,256>512>1024>128,3,38,0.00559104048,100
640,640,fp32,1024,32,2,256>512>1024>128,3,39,0.0056012799,100
640,640,fp32,1024,32,2,256>512>1024>128,3,40,0.0056012799,100
640,640,fp32,1024,32,2,256>512>1024>128,3,41,0.0056012799,100
640,640,fp32,1024,32,2,256>512>1024>128,3,42,0.00560287992,100
640,640,fp32,1024,32,2,256>512>1024>128,3,43,0.00559104048,100
640,640,fp32,1024,32,2,256>512>1024>128,3,44,0.0056012799,100
640,640,fp32,1024,32,2,256>512>1024>128,3,45,0.00559104048,100
640,640,fp32,1024,32,2,256>512>1024>128,3,46,0.0056012799,100
640,640,fp32,1024,32,2,256>512>1024>128,3,47,0.00559167983,100
640,640,fp32,1024,32,2,256>512>1024>128,3,48,0.00559199974,100
640,640,fp32,1024,32,2,256>512>1024>128,3,49,0.0056012799,100
640,640,fp32,1024,32,2,256>512>1024>128,3,50,0.0056012799,100
640,640,fp32,1024,32,2,256>512>1024>128,3,51,0.00560159981,100
640,640,fp32,1024,32,2,256>512>1024>128,3,52,0.00559104048,100
640,640,fp32,1024,32,2,256>512>1024>128,3,53,0.0056012799,100
640,640,fp32,1024,32,2,256>512>1024>128,3,54,0.0056012799,100
640,640,fp32,1024,32,2,256>512>1024>128,3,55,0.00559232011,100
640,640,fp32,1024,32,2,256>512>1024>128,3,56,0.00559104048,100
640,640,fp32,1024,32,2,256>512>1024>128,3,57,0.00559104048,100
640,640,fp32,1024,32,2,256>512>1024>128,3,58,0.0056012799,100
640,640,fp32,1024,32,2,256>512>1024>128,3,59,0.00559104048,100
640,640,fp32,1024,32,2,256>512>1024>128,3,60,0.00559104048,100
640,640,fp32,1024,32,2,256>512>1024>128,3,61,0.0056012799,100
640,640,fp32,1024,32,2,256>512>1024>128,3,62,0.0056012799,100
640,640,fp32,1024,32,2,256>512>1024>128,3,63,0.0056022401,100
640,640,fp32,1024,32,2,256>512>1024>128,3,64,0.00559104048,100
640,640,fp32,1024,32,2,256>512>1024>128,3,65,0.00559264002,100
640,640,fp32,1024,32,2,256>512>1024>128,3,66,0.00559104048,100
640,640,fp32,1024,32,2,256>512>1024>128,3,67,0.00559104048,100
640,640,fp32,1024,32,2,256>512>1024>128,3,68,0.0056012799,100
640,640,fp32,1024,32,2,256>512>1024>128,3,69,0.00559104048,100
640,640,fp32,1024,32,2,256>512>1024>128,3,70,0.00559295993,100
640,640,fp32,1024,32,2,256>512>1024>128,3,71,0.00559104048,100
640,640,fp32,1024,32,2,256>512>1024>128,3,72,0.0056012799,100
640,640,fp32,1024,32,2,256>512>1024>128,3,73,0.0056012799,100
640,640,fp32,1024,32,2,256>512>1024>128,3,74,0.00559104048,100
640,640,fp32,1024,32,2,256>512>1024>128,3,75,0.0056012799,100
640,640,fp32,1024,32,2,256>512>1024>128,3,76,0.0056012799,100
640,640,fp32,1024,32,2,256>512>1024>128,3,77,0.0056012799,100
640,640,fp32,1024,32,2,256>512>1024>128,3,78,0.0056012799,100
640,640,fp32,1024,32,2,256>512>1024>128,3,79,0.00559295993,100
640,640,fp32,1024,32,2,256>512>1024>128,3,80,0.0056012799,100
640,640,fp32,1024,32,2,256>512>1024>128,3,81,0.0056012799,100
640,640,fp32,1024,32,2,256>512>1024>128,3,82,0.0056012799,100
640,640,fp32,1024,32,2,256>512>1024>128,3,83,0.00562175969,100
640,640,fp32,1024,32,2,256>512>1024>128,3,84,0.00580608007,100
640,640,fp32,1024,32,2,256>512>1024>128,3,85,0.00579584017,100
640,640,fp32,1024,32,2,256>512>1024>128,3,86,0.00581664033,100
640,640,fp32,1024,32,2,256>512>1024>128,3,87,0.00583679974,100
640,640,fp32,1024,32,2,256>512>1024>128,3,88,0.00580672035,100
640,640,fp32,1024,32,2,256>512>1024>128,3,89,0.00579584017,100
640,640,fp32,1024,32,2,256>512>1024>128,3,90,0.00581631996,100
640,640,fp32,1024,32,2,256>512>1024>128,3,91,0.00580608007,100
640,640,fp32,1024,32,2,256>512>1024>128,3,92,0.00581631996,100
640,640,fp32,1024,32,2,256>512>1024>128,3,93,0.00582656031,100
640,640,fp32,1024,32,2,256>512>1024>128,3,94,0.00582656031,100
640,640,fp32,1024,32,2,256>512>1024>128,3,95,0.00580608007,100
640,640,fp32,1024,32,2,256>512>1024>128,3,96,0.00581631996,100
640,640,fp32,1024,32,2,256>512>1024>128,3,97,0.00579584017,100
640,640,fp32,1024,32,2,256>512>1024>128,3,98,0.00582656031,100
640,640,fp32,1024,32,2,256>512>1024>128,3,99,0.00580608007,100
640,640,fp32,1024,32,2,256>512>1024>128,3,100,0.00580608007,100
640,640,fp32,1024,32,2,256>512>1024>128,3,101,0.00580608007,100
640,640,fp32,1024,32,2,256>512>1024>128,3,102,0.00582656031,100
640,640,fp32,1024,32,2,256>512>1024>128,3,103,0.00579711981,100
640,640,fp32,1024,32,2,256>512>1024>128,3,104,0.00578559982,100
640,640,fp32,1024,32,2,256>512>1024>128,3,105,0.00580799999,100
640,640,fp32,1024,32,2,256>512>1024>128,3,106,0.00582656031,100
640,640,fp32,1024,32,2,256>512>1024>128,3,107,0.00582656031,100
640,640,fp32,1024,32,2,256>512>1024>128,3,108,0.00582656031,100
640,640,fp32,1024,32,2,256>512>1024>128,3,109,0.00581631996,100
640,640,fp32,1024,32,2,256>512>1024>128,3,110,0.00579584017,100
640,640,fp32,1024,32,2,256>512>1024>128,3,111,0.00579743972,100
640,640,fp32,1024,32,2,256>512>1024>128,3,112,0.00580608007,100
640,640,fp32,1024,32,2,256>512>1024>128,3,113,0.00583679974,100
640,640,fp32,1024,32,2,256>512>1024>128,3,114,0.00581631996,100
640,640,fp32,1024,32,2,256>512>1024>128,3,115,0.00579584017,100
640,640,fp32,1024,32,2,256>512>1024>128,3,116,0.00579584017,100
640,640,fp32,1024,32,2,256>512>1024>128,3,117,0.00580608007,100
640,640,fp32,1024,32,2,256>512>1024>128,3,118,0.00588800013,100
640,640,fp32,1024,32,2,256>512>1024>128,3,119,0.00592991989,100
640,640,fp32,1024,32,2,256>512>1024>128,3,120,0.00593920005,100
640,640,fp32,1024,32,2,256>512>1024>128,3,121,0.00593920005,100
640,640,fp32,1024,32,2,256>512>1024>128,3,122,0.00591072021,100
640,640,fp32,1024,32,2,256>512>1024>128,3,123,0.00593920005,100
640,640,fp32,1024,32,2,256>512>1024>128,3,124,0.00595135987,100
640,640,fp32,1024,32,2,256>512>1024>128,3,125,0.00593920005,100
640,640,fp32,1024,32,2,256>512>1024>128,3,126,0.00593920005,100
640,640,fp32,1024,32,2,256>512>1024>128,3,127,0.0059596803,100
640,640,fp32,1024,32,2,256>512>1024>128,3,128,0.00593920005,100
640,640,fp32,1024,32,2,256>512>1024>128,3,129,0.0059289597,100
640,640,fp32,1024,32,2,256>512>1024>128,3,130,0.00594943995,100
640,640,fp32,1024,32,2,256>512>1024>128,3,131,0.00593920005,100
640,640,fp32,1024,32,2,256>512>1024>128,3,132,0.00594943995,100
640,640,fp32,1024,32,2,256>512>1024>128,3,133,0.00593920005,100
640,640,fp32,1024,32,2,256>512>1024>128,3,134,0.00593920005,100
640,640,fp32,1024,32,2,256>512>1024>128,3,135,0.00594943995,100
640,640,fp32,1024,32,2,256>512>1024>128,3,136,0.0059289597,100
640,640,fp32,1024,32,2,256>512>1024>128,3,137,0.00593920005,100
640,640,fp32,1024,32,2,256>512>1024>128,3,138,0.0059289597,100
640,640,fp32,1024,32,2,256>512>1024>128,3,139,0.0059289597,100
640,640,fp32,1024,32,2,256>512>1024>128,3,140,0.00592928007,100
640,640,fp32,1024,32,2,256>512>1024>128,3,141,0.0059289597,100
640,640,fp32,1024,32,2,256>512>1024>128,3,142,0.00590848038,100
640,640,fp32,1024,32,2,256>512>1024>128,3,143,0.00590848038,100
640,640,fp32,1024,32,2,256>512>1024>128,3,144,0.0059289597,100
640,640,fp32,1024,32,2,256>512>1024>128,3,145,0.00591871981,100
640,640,fp32,1024,32,2,256>512>1024>128,3,146,0.0059289597,100
640,640,fp32,1024,32,2,256>512>1024>128,3,147,0.00593920005,100
640,640,fp32,1024,32,2,256>512>1024>128,3,148,0.0059289597,100
640,640,fp32,1024,32,2,256>512>1024>128,3,149,0.00593920005,100
640,640,fp32,1024,32,2,256>512>1024>128,3,150,0.00593024027,100
640,640,fp32,1024,32,2,256>512>1024>128,3,151,0.00591871981,100
640,640,fp32,1024,32,2,256>512>1024>128,3,152,0.00593920005,100
640,640,fp32,1024,32,2,256>512>1024>128,3,153,0.00594943995,100
640,640,fp32,1024,32,2,256>512>1024>128,3,154,0.00593920005,100
640,640,fp32,1024,32,2,256>512>1024>128,3,155,0.00593920005,100
640,640,fp32,1024,32,2,256>512>1024>128,3,156,0.0059289597,100
640,640,fp32,1024,32,2,256>512>1024>128,3,157,0.00590848038,100
640,640,fp32,1024,32,2,256>512>1024>128,3,158,0.00593920005,100
640,640,fp32,1024,32,2,256>512>1024>128,3,159,0.00591871981,100
640,640,fp32,1024,32,2,256>512>1024>128,3,160,0.00587840006,100
640,640,fp32,1024,32,2,256>512>1024>128,3,161,0.00588800013,100
640,640,fp32,1024,32,2,256>512>1024>128,3,162,0.00587776024,100
640,640,fp32,1024,32,2,256>512>1024>128,3,163,0.00587840006,100
640,640,fp32,1024,32,2,256>512>1024>128,3,164,0.00587776024,100
640,640,fp32,1024,32,2,256>512>1024>128,3,165,0.0058694398,100
640,640,fp32,1024,32,2,256>512>1024>128,3,166,0.00586816017,100
640,640,fp32,1024,32,2,256>512>1024>128,3,167,0.00587808015,100
640,640,fp32,1024,32,2,256>512>1024>128,3,168,0.00588800013,100
640,640,fp32,1024,32,2,256>512>1024>128,3,169,0.00586751988,100
640,640,fp32,1024,32,2,256>512>1024>128,3,170,0.00587776024,100
640,640,fp32,1024,32,2,256>512>1024>128,3,171,0.00588031998,100
640,640,fp32,1024,32,2,256>512>1024>128,3,172,0.00588800013,100
640,640,fp32,1024,32,2,256>512>1024>128,3,173,0.00588800013,100
640,640,fp32,1024,32,2,256>512>1024>128,3,174,0.00587776024,100
640,640,fp32,1024,32,2,256>512>1024>128,3,175,0.00587776024,100
640,640,fp32,1024,32,2,256>512>1024>128,3,176,0.00588800013,100
640,640,fp32,1024,32,2,256>512>1024>128,3,177,0.00587872043,100
640,640,fp32,1024,32,2,256>512>1024>128,3,178,0.00588800013,100
640,640,fp32,1024,32,2,256>512>1024>128,3,179,0.00587776024,100
640,640,fp32,1024,32,2,256>512>1024>128,3,180,0.00588800013,100
640,640,fp32,1024,32,2,256>512>1024>128,3,181,0.00590848038,100
640,640,fp32,1024,32,2,256>512>1024>128,3,182,0.00587776024,100
640,640,fp32,1024,32,2,256>512>1024>128,3,183,0.00587840006,100
640,640,fp32,1024,32,2,256>512>1024>128,3,184,0.00586751988,100
640,640,fp32,1024,32,2,256>512>1024>128,3,185,0.00588800013,100
640,640,fp32,1024,32,2,256>512>1024>128,3,186,0.00586751988,100
640,640,fp32,1024,32,2,256>512>1024>128,3,187,0.00586751988,100
640,640,fp32,1024,32,2,256>512>1024>128,3,188,0.00588800013,100
640,640,fp32,1024,32,2,256>512>1024>128,3,189,0.00587776024,100
640,640,fp32,1024,32,2,256>512>1024>128,3,190,0.00588800013,100
640,640,fp32,1024,32,2,256>512>1024>128,3,191,0.00588800013,100
640,640,fp32,1024,32,2,256>512>1024>128,3,192,0.00588800013,100
640,640,fp32,1024,32,2,256>512>1024>128,3,193,0.00588927977,100
640,640,fp32,1024,32,2,256>512>1024>128,3,194,0.00587840006,100
640,640,fp32,1024,32,2,256>512>1024>128,3,195,0.00589824002,100
640,640,fp32,1024,32,2,256>512>1024>128,3,196,0.00588800013,100
640,640,fp32,1024,32,2,256>512>1024>128,3,197,0.00588960014,100
640,640,fp32,1024,32,2,256>512>1024>128,3,198,0.00587808015,100
640,640,fp32,1024,32,2,256>512>1024>128,3,199,0.00587776024,100
640,640,fp32,1024,32,3,512>1024>128>256,2,0,0.00564223994,100
640,640,fp32,1024,32,3,512>1024>128>256,2,1,0.0056012799,100
640,640,fp32,1024,32,3,512>1024>128>256,2,2,0.00559104048,100
640,640,fp32,1024,32,3,512>1024>128>256,2,3,0.00559104048,100
640,640,fp32,1024,32,3,512>1024>128>256,2,4,0.00559104048,100
640,640,fp32,1024,32,3,512>1024>128>256,2,5,0.00559104048,100
640,640,fp32,1024,32,3,512>1024>128>256,2,6,0.00559104048,100
640,640,fp32,1024,32,3,512>1024>128>256,2,7,0.00559167983,100
640,640,fp32,1024,32,3,512>1024>128>256,2,8,0.00559104048,100
640,640,fp32,1024,32,3,512>1024>128>256,2,9,0.0056012799,100
640,640,fp32,1024,32,3,512>1024>128>256,2,10,0.0056012799,100
640,640,fp32,1024,32,3,512>1024>128>256,2,11,0.0056012799,100
640,640,fp32,1024,32,3,512>1024>128>256,2,12,0.0056012799,100
640,640,fp32,1024,32,3,512>1024>128>256,2,13,0.0056012799,100
640,640,fp32,1024,32,3,512>1024>128>256,2,14,0.00559104048,100
640,640,fp32,1024,32,3,512>1024>128>256,2,15,0.00559104048,100
640,640,fp32,1024,32,3,512>1024>128>256,2,16,0.00559104048,100
640,640,fp32,1024,32,3,512>1024>128>256,2,17,0.00559104048,100
640,640,fp32,1024,32,3,512>1024>128>256,2,18,0.00559104048,100
640,640,fp32,1024,32,3,512>1024>128>256,2,19,0.0056012799,100
640,640,fp32,1024,32,3,512>1024>128>256,2,20,0.00559104048,100
640,640,fp32,1024,32,3,512>1024>128>256,2,21,0.00559104048,100
640,640,fp32,1024,32,3,512>1024>128>256,2,22,0.0056012799,100
640,640,fp32,1024,32,3,512>1024>128>256,2,23,0.00559104048,100
640,640,fp32,1024,32,3,512>1024>128>256,2,24,0.00559104048,100
640,640,fp32,1024,32,3,512>1024>128>256,2,25,0.00559104048,100
640,640,fp32,1024,32,3,512>1024>128>256,2,26,0.00559104048,100
640,640,fp32,1024,32,3,512>1024>128>256,2,27,0.00559104048,100
640,640,fp32,1024,32,3,512>1024>128>256,2,28,0.00559104048,100
640,640,fp32,1024,32,3,512>1024>128>256,2,29,0.00559104048,100
640,640,fp32,1024,32,3,512>1024>128>256,2,30,0.00559104048,100
640,640,fp32,1024,32,3,512>1024>128>256,2,31,0.0056012799,100
640,640,fp32,1024,32,3,512>1024>128>256,2,32,0.00559104048,100
640,640,fp32,1024,32,3,512>1024>128>256,2,33,0.00559104048,100
640,640,fp32,1024,32,3,512>1024>128>256,2,34,0.0056012799,100
640,640,fp32,1024,32,3,512>1024>128>256,2,35,0.0056012799,100
640,640,fp32,1024,32,3,512>1024>128>256,2,36,0.00559104048,100
640,640,fp32,1024,32,3,512>1024>128>256,2,37,0.0056012799,100
640,640,fp32,1024,32,3,512>1024>128>256,2,38,0.0056012799,100
640,640,fp32,1024,32,3,512>1024>128>256,2,39,0.00559199974,100
640,640,fp32,1024,32,3,512>1024>128>256,2,40,0.00559104048,100
640,640,fp32,1024,32,3,512>1024>128>256,2,41,0.0056012799,100
640,640,fp32,1024,32,3,512>1024>128>256,2,42,0.0056012799,100
640,640,fp32,1024,32,3,512>1024>128>256,2,43,0.0056012799,100
640,640,fp32,1024,32,3,512>1024>128>256,2,44,0.00559104048,100
640,640,fp32,1024,32,3,512>1024>128>256,2,45,0.00559104048,100
640,640,fp32,1024,32,3,512>1024>128>256,2,46,0.00559104048,100
640,640,fp32,1024,32,3,512>1024>128>256,2,47,0.00559104048,100
640,640,fp32,1024,32,3,512>1024>128>256,2,48,0.00559104048,100
640,640,fp32,1024,32,3,512>1024>128>256,2,49,0.00559104048,100
640,640,fp32,1024,32,3,512>1024>128>256,2,50,0.0056012799,100
640,640,fp32,1024,32,3,512>1024>128>256,2,51,0.0056012799,100
640,640,fp32,1024,32,3,512>1024>128>256,2,52,0.0056012799,100
640,640,fp32,1024,32,3,512>1024>128>256,2,53,0.00559104048,100
640,640,fp32,1024,32,3,512>1024>128>256,2,54,0.00559104048,100
640,640,fp32,1024,32,3,512>1024>128>256,2,55,0.00559104048,100
640,640,fp32,1024,32,3,512>1024>128>256,2,56,0.00559104048,100
640,640,fp32,1024,32,3,512>1024>128>256,2,57,0.0056012799,100
640,640,fp32,1024,32,3,512>1024>128>256,2,58,0.00559104048,100
640,640,fp32,1024,32,3,512>1024>128>256,2,59,0.00559104048,100
640,640,fp32,1024,32,3,512>1024>128>256,2,60,0.00559104048,100
640,640,fp32,1024,32,3,512>1024>128>256,2,61,0.00559104048,100
640,640,fp32,1024,32,3,512>1024>128>256,2,62,0.0056012799,100
640,640,fp32,1024,32,3,512>1024>128>256,2,63,0.0056012799,100
640,640,fp32,1024,32,3,512>1024>128>256,2,64,0.00559104048,100
640,640,fp32,1024,32,3,512>1024>128>256,2,65,0.00559104048,100
640,640,fp32,1024,32,3,512>1024>128>256,2,66,0.00559104048,100
640,640,fp32,1024,32,3,512>1024>128>256,2,67,0.00559104048,100
640,640,fp32,1024,32,3,512>1024>128>256,2,68,0.00559104048,100
640,640,fp32,1024,32,3,512>1024>128>256,2,69,0.00559104048,100
640,640,fp32,1024,32,3,512>1024>128>256,2,70,0.00559104048,100
640,640,fp32,1024,32,3,512>1024>128>256,2,71,0.00559104048,100
640,640,fp32,1024,32,3,512>1024>128>256,2,72,0.00559104048,100
640,640,fp32,1024,32,3,512>1024>128>256,2,73,0.0056012799,100
640,640,fp32,1024,32,3,512>1024>128>256,2,74,0.00559104048,100
640,640,fp32,1024,32,3,512>1024>128>256,2,75,0.00559104048,100
640,640,fp32,1024,32,3,512>1024>128>256,2,76,0.00559104048,100
640,640,fp32,1024,32,3,512>1024>128>256,2,77,0.00559104048,100
640,640,fp32,1024,32,3,512>1024>128>256,2,78,0.00559104048,100
640,640,fp32,1024,32,3,512>1024>128>256,2,79,0.00559104048,100
640,640,fp32,1024,32,3,512>1024>128>256,2,80,0.00559104048,100
640,640,fp32,1024,32,3,512>1024>128>256,2,81,0.00559104048,100
640,640,fp32,1024,32,3,512>1024>128>256,2,82,0.00561151979,100
640,640,fp32,1024,32,3,512>1024>128>256,2,83,0.00570367975,100
640,640,fp32,1024,32,3,512>1024>128>256,2,84,0.00572416,100
640,640,fp32,1024,32,3,512>1024>128>256,2,85,0.00572416,100
640,640,fp32,1024,32,3,512>1024>128>256,2,86,0.00571392011,100
640,640,fp32,1024,32,3,512>1024>128>256,2,87,0.00571392011,100
640,640,fp32,1024,32,3,512>1024>128>256,2,88,0.00570367975,100
640,640,fp32,1024,32,3,512>1024>128>256,2,89,0.00571519975,100
640,640,fp32,1024,32,3,512>1024>128>256,2,90,0.00570367975,100
640,640,fp32,1024,32,3,512>1024>128>256,2,91,0.00571455993,100
640,640,fp32,1024,32,3,512>1024>128>256,2,92,0.00572416,100
640,640,fp32,1024,32,3,512>1024>128>256,2,93,0.00573440036,100
640,640,fp32,1024,32,3,512>1024>128>256,2,94,0.00571392011,100
640,640,fp32,1024,32,3,512>1024>128>256,2,95,0.00571392011,100
640,640,fp32,1024,32,3,512>1024>128>256,2,96,0.00572416,100
640,640,fp32,1024,32,3,512>1024>128>256,2,97,0.00572416,100
640,640,fp32,1024,32,3,512>1024>128>256,2,98,0.00572416,100
640,640,fp32,1024,32,3,512>1024>128>256,2,99,0.00571392011,100
640,640,fp32,1024,32,3,512>1024>128>256,2,100,0.00571392011,100
640,640,fp32,1024,32,3,512>1024>128>256,2,101,0.00572416,100
640,640,fp32,1024,32,3,512>1024>128>256,2,102,0.00571392011,100
640,640,fp32,1024,32,3,512>1024>128>256,2,103,0.00571392011,100
640,640,fp32,1024,32,3,512>1024>128>256,2,104,0.00572416,100
640,640,fp32,1024,32,3,512>1024>128>256,2,105,0.00571392011,100
640,640,fp32,1024,32,3,512>1024>128>256,2,106,0.00572416,100
640,640,fp32,1024,32,3,512>1024>128>256,2,107,0.00572416,100
640,640,fp32,1024,32,3,512>1024>128>256,2,108,0.00572416,100
640,640,fp32,1024,32,3,512>1024>128>256,2,109,0.00572416,100
640,640,fp32,1024,32,3,512>1024>128>256,2,110,0.00572416,100
640,640,fp32,1024,32,3,512>1024>128>256,2,111,0.00573440036,100
640,640,fp32,1024,32,3,512>1024>128>256,2,112,0.00571392011,100
640,640,fp32,1024,32,3,512>1024>128>256,2,113,0.00571392011,100
640,640,fp32,1024,32,3,512>1024>128>256,2,114,0.00570367975,100
640,640,fp32,1024,32,3,512>1024>128>256,2,115,0.00571392011,100
640,640,fp32,1024,32,3,512>1024>128>256,2,116,0.00572416,100
640,640,fp32,1024,32,3,512>1024>128>256,2,117,0.00574464025,100
640,640,fp32,1024,32,3,512>1024>128>256,2,118,0.00586751988,100
640,640,fp32,1024,32,3,512>1024>128>256,2,119,0.00586751988,100
640,640,fp32,1024,32,3,512>1024>128>256,2,120,0.00584703963,100
640,640,fp32,1024,32,3,512>1024>128>256,2,121,0.00588800013,100
640,640,fp32,1024,32,3,512>1024>128>256,2,122,0.00587776024,100
640,640,fp32,1024,32,3,512>1024>128>256,2,123,0.00587776024,100
640,640,fp32,1024,32,3,512>1024>128>256,2,124,0.00585727999,100
640,640,fp32,1024,32,3,512>1024>128>256,2,125,0.00587776024,100
640,640,fp32,1024,32,3,512>1024>128>256,2,126,0.00585792027,100
640,640,fp32,1024,32,3,512>1024>128>256,2,127,0.00584703963,100
640,640,fp32,1024,32,3,512>1024>128>256,2,128,0.00588800013,100
640,640,fp32,1024,32,3,512>1024>128>256,2,129,0.00585727999,100
640,640,fp32,1024,32,3,512>1024>128>256,2,130,0.00586751988,100
640,640,fp32,1024,32,3,512>1024>128>256,2,131,0.00585824018,100
640,640,fp32,1024,32,3,512>1024>128>256,2,132,0.00586751988,100
640,640,fp32,1024,32,3,512>1024>128>256,2,133,0.00586751988,100
640,640,fp32,1024,32,3,512>1024>128>256,2,134,0.00585727999,100
640,640,fp32,1024,32,3,512>1024>128>256,2,135,0.00586751988,100
640,640,fp32,1024,32,3,512>1024>128>256,2,136,0.00585727999,100
640,640,fp32,1024,32,3,512>1024>128>256,2,137,0.00586751988,100
640,640,fp32,1024,32,3,512>1024>128>256,2,138,0.00587776024,100
640,640,fp32,1024,32,3,512>1024>128>256,2,139,0.00586751988,100
640,640,fp32,1024,32,3,512>1024>128>256,2,140,0.00585727999,100
640,640,fp32,1024,32,3,512>1024>128>256,2,141,0.00585727999,100
640,640,fp32,1024,32,3,512>1024>128>256,2,142,0.00584703963,100
640,640,fp32,1024,32,3,512>1024>128>256,2,143,0.00586816017,100
640,640,fp32,1024,32,3,512>1024>128>256,2,144,0.00586751988,100
640,640,fp32,1024,32,3,512>1024>128>256,2,145,0.00586751988,100
640,640,fp32,1024,32,3,512>1024>128>256,2,146,0.00586751988,100
640,640,fp32,1024,32,3,512>1024>128>256,2,147,0.00584703963,100
640,640,fp32,1024,32,3,512>1024>128>256,2,148,0.00586751988,100
640,640,fp32,1024,32,3,512>1024>128>256,2,149,0.00585727999,100
640,640,fp32,1024,32,3,512>1024>128>256,2,150,0.00586751988,100
640,640,fp32,1024,32,3,512>1024>128>256,2,151,0.00585727999,100
640,640,fp32,1024,32,3,512>1024>128>256,2,152,0.00585727999,100
640,640,fp32,1024,32,3,512>1024>128>256,2,153,0.00584703963,100
640,640,fp32,1024,32,3,512>1024>128>256,2,154,0.00587776024,100
640,640,fp32,1024,32,3,512>1024>128>256,2,155,0.00587776024,100
640,640,fp32,1024,32,3,512>1024>128>256,2,156,0.00585727999,100
640,640,fp32,1024,32,3,512>1024>128>256,2,157,0.00587776024,100
640,640,fp32,1024,32,3,512>1024>128>256,2,158,0.00585727999,100
640,640,fp32,1024,32,3,512>1024>128>256,2,159,0.00584703963,100
640,640,fp32,1024,32,3,512>1024>128>256,2,160,0.00582848024,100
640,640,fp32,1024,32,3,512>1024>128>256,2,161,0.00585727999,100
640,640,fp32,1024,32,3,512>1024>128>256,2,162,0.00584703963,100
640,640,fp32,1024,32,3,512>1024>128>256,2,163,0.00583872013,100
640,640,fp32,1024,32,3,512>1024>128>256,2,164,0.00583679974,100
640,640,fp32,1024,32,3,512>1024>128>256,2,165,0.00582752004,100
640,640,fp32,1024,32,3,512>1024>128>256,2,166,0.00583775993,100
640,640,fp32,1024,32,3,512>1024>128>256,2,167,0.00583679974,100
640,640,fp32,1024,32,3,512>1024>128>256,2,168,0.00584703963,100
640,640,fp32,1024,32,3,512>1024>128>256,2,169,0.00585727999,100
640,640,fp32,1024,32,3,512>1024>128>256,2,170,0.00583744003,100
640,640,fp32,1024,32,3,512>1024>128>256,2,171,0.00583679974,100
640,640,fp32,1024,32,3,512>1024>128>256,2,172,0.00583679974,100
640,640,fp32,1024,32,3,512>1024>128>256,2,173,0.00584703963,100
640,640,fp32,1024,32,3,512>1024>128>256,2,174,0.00584703963,100
640,640,fp32,1024,32,3,512>1024>128>256,2,175,0.00586751988,100
640,640,fp32,1024,32,3,512>1024>128>256,2,176,0.00584703963,100
640,640,fp32,1024,32,3,512>1024>128>256,2,177,0.00584703963,100
640,640,fp32,1024,32,3,512>1024>128>256,2,178,0.0058390405,100
640,640,fp32,1024,32,3,512>1024>128>256,2,179,0.00583679974,100
640,640,fp32,1024,32,3,512>1024>128>256,2,180,0.00583775993,100
640,640,fp32,1024,32,3,512>1024>128>256,2,181,0.00584703963,100
640,640,fp32,1024,32,3,512>1024>128>256,2,182,0.00582815986,100
640,640,fp32,1024,32,3,512>1024>128>256,2,183,0.00584703963,100
640,640,fp32,1024,32,3,512>1024>128>256,2,184,0.00584703963,100
640,640,fp32,1024,32,3,512>1024>128>256,2,185,0.00583679974,100
640,640,fp32,1024,32,3,512>1024>128>256,2,186,0.00584703963,100
640,640,fp32,1024,32,3,512>1024>128>256,2,187,0.00584703963,100
640,640,fp32,1024,32,3,512>1024>128>256,2,188,0.00585727999,100
640,640,fp32,1024,32,3,512>1024>128>256,2,189,0.00583679974,100
640,640,fp32,1024,32,3,512>1024>128>256,2,190,0.00583679974,100
640,640,fp32,1024,32,3,512>1024>128>256,2,191,0.00585727999,100
640,640,fp32,1024,32,3,512>1024>128>256,2,192,0.00584703963,100
640,640,fp32,1024,32,3,512>1024>128>256,2,193,0.00585727999,100
640,640,fp32,1024,32,3,512>1024>128>256,2,194,0.00586751988,100
640,640,fp32,1024,32,3,512>1024>128>256,2,195,0.00584703963,100
640,640,fp32,1024,32,3,512>1024>128>256,2,196,0.00585727999,100
640,640,fp32,1024,32,3,512>1024>128>256,2,197,0.00585727999,100
640,640,fp32,1024,32,3,512>1024>128>256,2,198,0.00585727999,100
640,640,fp32,1024,32,3,512>1024>128>256,2,199,0.00585727999,100
640,640,fp32,1024,32,4,1024>128>256>512,1,0,0.00563167967,100
640,640,fp32,1024,32,4,1024>128>256>512,1,1,0.00562175969,100
640,640,fp32,1024,32,4,1024>128>256>512,1,2,0.00562175969,100
640,640,fp32,1024,32,4,1024>128>256>512,1,3,0.00562175969,100
640,640,fp32,1024,32,4,1024>128>256>512,1,4,0.00562175969,100
640,640,fp32,1024,32,4,1024>128>256>512,1,5,0.00562175969,100
640,640,fp32,1024,32,4,1024>128>256>512,1,6,0.00562175969,100
640,640,fp32,1024,32,4,1024>128>256>512,1,7,0.00563200004,100
640,640,fp32,1024,32,4,1024>128>256>512,1,8,0.00562175969,100
640,640,fp32,1024,32,4,1024>128>256>512,1,9,0.00562175969,100
640,640,fp32,1024,32,4,1024>128>256>512,1,10,0.00562175969,100
640,640,fp32,1024,32,4,1024>128>256>512,1,11,0.00563200004,100
640,640,fp32,1024,32,4,1024>128>256>512,1,12,0.00563200004,100
640,640,fp32,1024,32,4,1024>128>256>512,1,13,0.00562175969,100
640,640,fp32,1024,32,4,1024>128>256>512,1,14,0.00562175969,100
640,640,fp32,1024,32,4,1024>128>256>512,1,15,0.00562175969,100
640,640,fp32,1024,32,4,1024>128>256>512,1,16,0.00562175969,100
640,640,fp32,1024,32,4,1024>128>256>512,1,17,0.00562175969,100
640,640,fp32,1024,32,4,1024>128>256>512,1,18,0.00563200004,100
640,640,fp32,1024,32,4,1024>128>256>512,1,19,0.00562175969,100
640,640,fp32,1024,32,4,1024>128>256>512,1,20,0.00562175969,100
640,640,fp32,1024,32,4,1024>128>256>512,1,21,0.00562175969,100
640,640,fp32,1024,32,4,1024>128>256>512,1,22,0.00562175969,100
640,640,fp32,1024,32,4,1024>128>256>512,1,23,0.00563200004,100
640,640,fp32,1024,32,4,1024>128>256>512,1,24,0.00562175969,100
640,640,fp32,1024,32,4,1024>128>256>512,1,25,0.00562175969,100
640,640,fp32,1024,32,4,1024>128>256>512,1,26,0.00562175969,100
640,640,fp32,1024,32,4,1024>128>256>512,1,27,0.00563200004,100
640,640,fp32,1024,32,4,1024>128>256>512,1,28,0.00563200004,100
640,640,fp32,1024,32,4,1024>128>256>512,1,29,0.00562175969,100
640,640,fp32,1024,32,4,1024>128>256>512,1,30,0.00562175969,100
640,640,fp32,1024,32,4,1024>128>256>512,1,31,0.00563200004,100
640,640,fp32,1024,32,4,1024>128>256>512,1,32,0.00562272035,100
640,640,fp32,1024,32,4,1024>128>256>512,1,33,0.00562175969,100
640,640,fp32,1024,32,4,1024>128>256>512,1,34,0.00562175969,100
640,640,fp32,1024,32,4,1024>128>256>512,1,35,0.00563200004,100
640,640,fp32,1024,32,4,1024>128>256>512,1,36,0.00562175969,100
640,640,fp32,1024,32,4,1024>128>256>512,1,37,0.00562175969,100
640,640,fp32,1024,32,4,1024>128>256>512,1,38,0.00562175969,100
640,640,fp32,1024,32,4,1024>128>256>512,1,39,0.00562175969,100
640,640,fp32,1024,32,4,1024>128>256>512,1,40,0.00562175969,100
640,640,fp32,1024,32,4,1024>128>256>512,1,41,0.00563200004,100
640,640,fp32,1024,32,4,1024>128>256>512,1,42,0.00562175969,100
640,640,fp32,1024,32,4,1024>128>256>512,1,43,0.00562175969,100
640,640,fp32,1024,32,4,1024>128>256>512,1,44,0.00562175969,100
640,640,fp32,1024,32,4,1024>128>256>512,1,45,0.00562175969,100
640,640,fp32,1024,32,4,1024>128>256>512,1,46,0.00562175969,100
640,640,fp32,1024,32,4,1024>128>256>512,1,47,0.00562175969,100
640,640,fp32,1024,32,4,1024>128>256>512,1,48,0.00563200004,100
640,640,fp32,1024,32,4,1024>128>256>512,1,49,0.00562175969,100
640,640,fp32,1024,32,4,1024>128>256>512,1,50,0.00562175969,100
640,640,fp32,1024,32,4,1024>128>256>512,1,51,0.00563200004,100
640,640,fp32,1024,32,4,1024>128>256>512,1,52,0.00563200004,100
640,640,fp32,1024,32,4,1024>128>256>512,1,53,0.00562175969,100
640,640,fp32,1024,32,4,1024>128>256>512,1,54,0.00562175969,100
640,640,fp32,1024,32,4,1024>128>256>512,1,55,0.00562175969,100
640,640,fp32,1024,32,4,1024>128>256>512,1,56,0.00563200004,100
640,640,fp32,1024,32,4,1024>128>256>512,1,57,0.00562175969,100
640,640,fp32,1024,32,4,1024>128>256>512,1,58,0.00562175969,100
640,640,fp32,1024,32,4,1024>128>256>512,1,59,0.00564223994,100
640,640,fp32,1024,32,4,1024>128>256>512,1,60,0.00564223994,100
640,640,fp32,1024,32,4,1024>128>256>512,1,61,0.00565248029,100
640,640,fp32,1024,32,4,1024>128>256>512,1,62,0.00565248029,100
640,640,fp32,1024,32,4,1024>128>256>512,1,63,0.00565248029,100
640,640,fp32,1024,32,4,1024>128>256>512,1,64,0.00564223994,100
640,640,fp32,1024,32,4,1024>128>256>512,1,65,0.00565248029,100
640,640,fp32,1024,32,4,1024>128>256>512,1,66,0.00565248029,100
640,640,fp32,1024,32,4,1024>128>256>512,1,67,0.00565248029,100
640,640,fp32,1024,32,4,1024>128>256>512,1,68,0.00564223994,100
640,640,fp32,1024,32,4,1024>128>256>512,1,69,0.00565248029,100
640,640,fp32,1024,32,4,1024>128>256>512,1,70,0.00564223994,100
640,640,fp32,1024,32,4,1024>128>256>512,1,71,0.00565248029,100
640,640,fp32,1024,32,4,1024>128>256>512,1,72,0.00565248029,100
640,640,fp32,1024,32,4,1024>128>256>512,1,73,0.00564223994,100
640,640,fp32,1024,32,4,1024>128>256>512,1,74,0.00565248029,100
640,640,fp32,1024,32,4,1024>128>256>512,1,75,0.00565248029,100
640,640,fp32,1024,32,4,1024>128>256>512,1,76,0.00564223994,100
640,640,fp32,1024,32,4,1024>128>256>512,1,77,0.00565248029,100
640,640,fp32,1024,32,4,1024>128>256>512,1,78,0.00565248029,100
640,640,fp32,1024,32,4,1024>128>256>512,1,79,0.00565248029,100
640,640,fp32,1024,32,4,1024>128>256>512,1,80,0.00564223994,100
640,640,fp32,1024,32,4,1024>128>256>512,1,81,0.00565248029,100
640,640,fp32,1024,32,4,1024>128>256>512,1,82,0.00565248029,100
640,640,fp32,1024,32,4,1024>128>256>512,1,83,0.00565248029,100
640,640,fp32,1024,32,4,1024>128>256>512,1,84,0.00564223994,100
640,640,fp32,1024,32,4,1024>128>256>512,1,85,0.00565248029,100
640,640,fp32,1024,32,4,1024>128>256>512,1,86,0.00564223994,100
640,640,fp32,1024,32,4,1024>128>256>512,1,87,0.00565248029,100
640,640,fp32,1024,32,4,1024>128>256>512,1,88,0.00565248029,100
640,640,fp32,1024,32,4,1024>128>256>512,1,89,0.00564223994,100
640,640,fp32,1024,32,4,1024>128>256>512,1,90,0.00564223994,100
640,640,fp32,1024,32,4,1024>128>256>512,1,91,0.00565248029,100
640,640,fp32,1024,32,4,1024>128>256>512,1,92,0.00565248029,100
640,640,fp32,1024,32,4,1024>128>256>512,1,93,0.00564223994,100
640,640,fp32,1024,32,4,1024>128>256>512,1,94,0.00566272018,100
640,640,fp32,1024,32,4,1024>128>256>512,1,95,0.00576511957,100
640,640,fp32,1024,32,4,1024>128>256>512,1,96,0.00576511957,100
640,640,fp32,1024,32,4,1024>128>256>512,1,97,0.00577535992,100
640,640,fp32,1024,32,4,1024>128>256>512,1,98,0.00576511957,100
640,640,fp32,1024,32,4,1024>128>256>512,1,99,0.00577535992,100
640,640,fp32,1024,32,4,1024>128>256>512,1,100,0.00577535992,100
640,640,fp32,1024,32,4,1024>128>256>512,1,101,0.00577535992,100
640,640,fp32,1024,32,4,1024>128>256>512,1,102,0.00577535992,100
640,640,fp32,1024,32,4,1024>128>256>512,1,103,0.00576511957,100
640,640,fp32,1024,32,4,1024>128>256>512,1,104,0.00576511957,100
640,640,fp32,1024,32,4,1024>128>256>512,1,105,0.00576511957,100
640,640,fp32,1024,32,4,1024>128>256>512,1,106,0.00577535992,100
640,640,fp32,1024,32,4,1024>128>256>512,1,107,0.00578559982,100
640,640,fp32,1024,32,4,1024>128>256>512,1,108,0.00577535992,100
640,640,fp32,1024,32,4,1024>128>256>512,1,109,0.00577535992,100
640,640,fp32,1024,32,4,1024>128>256>512,1,110,0.00576511957,100
640,640,fp32,1024,32,4,1024>128>256>512,1,111,0.00577535992,100
640,640,fp32,1024,32,4,1024>128>256>512,1,112,0.00577535992,100
640,640,fp32,1024,32,4,1024>128>256>512,1,113,0.00577535992,100
640,640,fp32,1024,32,4,1024>128>256>512,1,114,0.00577535992,100
640,640,fp32,1024,32,4,1024>128>256>512,1,115,0.00578559982,100
640,640,fp32,1024,32,4,1024>128>256>512,1,116,0.00577535992,100
640,640,fp32,1024,32,4,1024>128>256>512,1,117,0.00577535992,100
640,640,fp32,1024,32,4,1024>128>256>512,1,118,0.00577535992,100
640,640,fp32,1024,32,4,1024>128>256>512,1,119,0.00577535992,100
640,640,fp32,1024,32,4,1024>128>256>512,1,120,0.00577535992,100
640,640,fp32,1024,32,4,1024>128>256>512,1,121,0.00577535992,100
640,640,fp32,1024,32,4,1024>128>256>512,1,122,0.00576511957,100
640,640,fp32,1024,32,4,1024>128>256>512,1,123,0.00577535992,100
640,640,fp32,1024,32,4,1024>128>256>512,1,124,0.00577535992,100
640,640,fp32,1024,32,4,1024>128>256>512,1,125,0.00576511957,100
640,640,fp32,1024,32,4,1024>128>256>512,1,126,0.00577535992,100
640,640,fp32,1024,32,4,1024>128>256>512,1,127,0.00578559982,100
640,640,fp32,1024,32,4,1024>128>256>512,1,128,0.00577535992,100
640,640,fp32,1024,32,4,1024>128>256>512,1,129,0.00579584017,100
640,640,fp32,1024,32,4,1024>128>256>512,1,130,0.00583679974,100
640,640,fp32,1024,32,4,1024>128>256>512,1,131,0.00583679974,100
640,640,fp32,1024,32,4,1024>128>256>512,1,132,0.00584703963,100
640,640,fp32,1024,32,4,1024>128>256>512,1,133,0.00584703963,100
640,640,fp32,1024,32,4,1024>128>256>512,1,134,0.00583679974,100
640,640,fp32,1024,32,4,1024>128>256>512,1,135,0.00584703963,100
640,640,fp32,1024,32,4,1024>128>256>512,1,136,0.00583679974,100
640,640,fp32,1024,32,4,1024>128>256>512,1,137,0.00584703963,100
640,640,fp32,1024,32,4,1024>128>256>512,1,138,0.00583679974,100
640,640,fp32,1024,32,4,1024>128>256>512,1,139,0.00584703963,100
640,640,fp32,1024,32,4,1024>128>256>512,1,140,0.00583679974,100
640,640,fp32,1024,32,4,1024>128>256>512,1,141,0.00584703963,100
640,640,fp32,1024,32,4,1024>128>256>512,1,142,0.00584703963,100
640,640,fp32,1024,32,4,1024>128>256>512,1,143,0.00584703963,100
640,640,fp32,1024,32,4,1024>128>256>512,1,144,0.00584703963,100
640,640,fp32,1024,32,4,1024>128>256>512,1,145,0.00584703963,100
640,640,fp32,1024,32,4,1024>128>256>512,1,146,0.00584703963,100
640,640,fp32,1024,32,4,1024>128>256>512,1,147,0.00583679974,100
640,640,fp32,1024,32,4,1024>128>256>512,1,148,0.00585727999,100
640,640,fp32,1024,32,4,1024>128>256>512,1,149,0.00584703963,100
640,640,fp32,1024,32,4,1024>128>256>512,1,150,0.00584703963,100
640,640,fp32,1024,32,4,1024>128>256>512,1,151,0.00584703963,100
640,640,fp32,1024,32,4,1024>128>256>512,1,152,0.00583679974,100
640,640,fp32,1024,32,4,1024>128>256>512,1,153,0.00584703963,100
640,640,fp32,1024,32,4,1024>128>256>512,1,154,0.00583679974,100
640,640,fp32,1024,32,4,1024>128>256>512,1,155,0.00584703963,100
640,640,fp32,1024,32,4,1024>128>256>512,1,156,0.00583679974,100
640,640,fp32,1024,32,4,1024>128>256>512,1,157,0.00583679974,100
640,640,fp32,1024,32,4,1024>128>256>512,1,158,0.00584703963,100
640,640,fp32,1024,32,4,1024>128>256>512,1,159,0.00584703963,100
640,640,fp32,1024,32,4,1024>128>256>512,1,160,0.00584703963,100
640,640,fp32,1024,32,4,1024>128>256>512,1,161,0.00584703963,100
640,640,fp32,1024,32,4,1024>128>256>512,1,162,0.00585727999,100
640,640,fp32,1024,32,4,1024>128>256>512,1,163,0.00584896049,100
640,640,fp32,1024,32,4,1024>128>256>512,1,164,0.00583679974,100
640,640,fp32,1024,32,4,1024>128>256>512,1,165,0.00584703963,100
640,640,fp32,1024,32,4,1024>128>256>512,1,166,0.00584703963,100
640,640,fp32,1024,32,4,1024>128>256>512,1,167,0.00584703963,100
640,640,fp32,1024,32,4,1024>128>256>512,1,168,0.00585727999,100
640,640,fp32,1024,32,4,1024>128>256>512,1,169,0.00583679974,100
640,640,fp32,1024,32,4,1024>128>256>512,1,170,0.00583679974,100
640,640,fp32,1024,32,4,1024>128>256>512,1,171,0.00583679974,100
640,640,fp32,1024,32,4,1024>128>256>512,1,172,0.00583679974,100
640,640,fp32,1024,32,4,1024>128>256>512,1,173,0.00583679974,100
640,640,fp32,1024,32,4,1024>128>256>512,1,174,0.00584703963,100
640,640,fp32,1024,32,4,1024>128>256>512,1,175,0.00583679974,100
640,640,fp32,1024,32,4,1024>128>256>512,1,176,0.00583679974,100
640,640,fp32,1024,32,4,1024>128>256>512,1,177,0.00585727999,100
640,640,fp32,1024,32,4,1024>128>256>512,1,178,0.00584703963,100
640,640,fp32,1024,32,4,1024>128>256>512,1,179,0.00585727999,100
640,640,fp32,1024,32,4,1024>128>256>512,1,180,0.00584703963,100
640,640,fp32,1024,32,4,1024>128>256>512,1,181,0.00584703963,100
640,640,fp32,1024,32,4,1024>128>256>512,1,182,0.00584703963,100
640,640,fp32,1024,32,4,1024>128>256>512,1,183,0.00583679974,100
640,640,fp32,1024,32,4,1024>128>256>512,1,184,0.00583679974,100
640,640,fp32,1024,32,4,1024>128>256>512,1,185,0.00584703963,100
640,640,fp32,1024,32,4,1024>128>256>512,1,186,0.00584703963,100
640,640,fp32,1024,32,4,1024>128>256>512,1,187,0.00583679974,100
640,640,fp32,1024,32,4,1024>128>256>512,1,188,0.00582656031,100
640,640,fp32,1024,32,4,1024>128>256>512,1,189,0.00584703963,100
640,640,fp32,1024,32,4,1024>128>256>512,1,190,0.00584703963,100
640,640,fp32,1024,32,4,1024>128>256>512,1,191,0.00584703963,100
640,640,fp32,1024,32,4,1024>128>256>512,1,192,0.00585727999,100
640,640,fp32,1024,32,4,1024>128>256>512,1,193,0.00584703963,100
640,640,fp32,1024,32,4,1024>128>256>512,1,194,0.00584703963,100
640,640,fp32,1024,32,4,1024>128>256>512,1,195,0.00585727999,100
640,640,fp32,1024,32,4,1024>128>256>512,1,196,0.00585888047,100
640,640,fp32,1024,32,4,1024>128>256>512,1,197,0.00584703963,100
640,640,fp32,1024,32,4,1024>128>256>512,1,198,0.00584703963,100
640,640,fp32,1024,32,4,1024>128>256>512,1,199,0.00584703963,100
